418,,Whole Foods Market/MBK-Mountainbrook,3100 Cahaba Village Plaza,,Birmingham,AL,35243
539,,Earth Fare,1550 Opelika Road,Suite 14,Auburn,AL,36830
540,,Earth Fare,5900 C University Drive NW,,Huntersville,AL,35806
541,,Earth Fare,7340 Eastchase Parkway,,Montgomery,AL,36117
687,,Wake Up Coffee Company,131 S College St,,Auburn,AL,36830
698,,The Bean,169 S Gay St,,Auburn,AL,36830
702,,Virginia's Health Foods,3055A Dauphin Street,,Mobile,AL,36606
68,,Cupper's Coffee & Tea,1502C 3rd Avenue South,,Lethbridge,AB,T1J 0K8
726,,The Naked Leaf,#4-1126 Kensington Rd NW,,Calgary,AB,T2N 3P3
281,,Whole Foods Market,10700 N. Rodney Parham,,Little Rock,AR,72212
3,,AJ's Fine Foods,7405 East McDowell,,Scottsdale,AZ,85257
4,,AJ's Fine Foods - #63,7141 E. Lincoln Drive,,Scottsdale,AZ,85253
5,,AJ's Fine Foods - #87,7131 W. Ray Road,,Chandler,AZ,85226
6,,AJ's Fine Foods #118,15031 N Thompson Peak Pkwy.,,Scottsdale,AZ,85260
7,,AJ's Fine Foods #159,4430 E . Camelback Road,,Phoenix,AZ,85018
8,,AJ's Fine Foods #61,1836 S. Val Vista Drive,,Mesa,AZ,85024
298,,Whole Foods Market,2955 West Ray Road,,Chandler,AZ,85260
299,,Whole Foods Market,8688 East Raintree Drive,,Scottsdale,AZ,85260
301,,Whole Foods Market,3360 E. Speedway Blvd.,,Tucson,AZ,85716
445,,Whole Foods Market/PVA-Paradise Valley,10810 N. Tatum Boulevard,,Phoenix,AZ,85028
472,,Whole Foods Market/TEM-Tempe,5120 S. Rural,,Tempe,AZ,85282
552,,Mount Hope Foods,853 South Main Street,,Cottonwood,AZ,86326
553,,Natures Organic Market,3419 East Esplanade Court,,Gilbert,AZ,85297
554,,New Frontiers Natural Marketplace,1420 W Highway 89A,,Sedona,AZ,86336
572,,AJ's Fine Foods,2805 E. Skyline Drive,#5,Tucson,AZ,85718
573,,Time Market,444 E. University Boulevard,,Tucson,AZ,85705
603,,Whole Foods Market-River Road,5555 East River Road,,Tuscon,AZ,85750
657,,Kaleidoscope Juice,7119 E 1st Ave,,Scottsdale,AZ,85251
167,,Tea TrendZ,191 Wharf Road,,Gibsons,BC,V0N 1V6
12,,Andronico's Market/#1 - Solano,1850 Solano Avenue,,Berkeley,CA,94707
13,,Andronico's Market/#10 - Walnut Creek,1181 Locust Street,,Walnut Creek,CA,94596
14,,Andronico's Market/#2 - Telegraph Ave.,2655 Telegraph Avenue,,Berkeley,CA,94704
15,,Andronico's Market/#3 - Irving St.,1200 Irving Street,,San Francisco,CA,94122
16,,Andronico's Market/#4 - University,1414 University Avenue,,Berkeley,CA,94702
17,,Andronico's Market/#5 - Shattuck,1550 Shattuck Avenue,,Berkeley,CA,94709
18,,Andronico's Market/#6 - Los Altos,690 Los Altos Rancho Shopping Center,,Los Altos,CA,94024
19,,Andronico's Market/#7 - San Anselmo,100 Center Blvd.,,San Anselmo,CA,94960
20,,Andronico's Market/#8 - Palo Alto,500 Stanford Shopping Ctr.,,Palo Alto,CA,94304
21,,Andronico's Market/#9 - Danville,345 Railroad Avenue,,Danville,CA,94526
39,,Bidwell Perk,664 E. 1st Ave.,,Chico,CA,95926
81,,Frontera Fresca-San Francisco,170 O Farrell St.,,San Franciso,CA,94102
113,,Luminescence Day Spa and Tea Room,13140 Highway 9,,Boulder Creek,CA,95006
158,,Still Mountain Teas at Gold Mountain,312 Broad Street,,Nevada City,CA,95959
162,,Tea an'Tiques,419 Main Street,,Murphys,CA,95247
168,,Temple Fine Coffee and Tea,1014 10th St.,,Sacramento,CA,95814
178,,The Works,667 Lighthouse Avenue,,Pacific Grove,CA,93950
185,,Traditional Healing Arts,103 Commercial St.,,Cloverdale,CA,95425
307,,Whole Foods Market,225 Lincoln Blvd.,,Venice,CA,90291
308,,Whole Foods Market,500 Wilshire Blvd.,,Santa Monica,CA,90401
309,,Whole Foods Market,1425 Montana Ave.,,Santa Monica,CA,90403
310,,Whole Foods Market,6550 E. Pacific Coast Highway,,Long Beach,CA,90803
311,,Whole Foods Market,465 South Arroyo Parkway,,Pasadena,CA,91105
312,,Whole Foods Market,283 Broadway St.,,Laguna Beach,CA,92651
313,,Whole Foods Market,2847 Park Avenue,,Tustin,CA,92782
314,,Whole Foods Market,450 Rhode Island St,,San Francisco,CA,94107
315,,Whole Foods Market,3682 Bel Aire Plaza,,Napa,CA,94558
316,,Whole Foods Market,230 Bay Place,,Oakland,CA,94612
317,,Whole Foods Market,201 W. Napa St,,Sonoma,CA,95476
323,,Whole Foods Market - Blossom Hill,1146 Blossom Hill Rd,,San Jose,CA,95118
329,,Whole Foods Market - Haight,690 Stanyan Street,,San Francisco,CA,94117
330,,Whole Foods Market - Lafayette,3502 Mt. Diablo Blvd,,Lafayette,CA,94549
339,,Whole Foods Market - Roseville,1001 Galleria Boulevard,,Roseville,CA,95678
340,,Whole Foods Market - Santa Barbara,3761 State Street,,Santa Barbara,CA,93105
344,,Whole Foods Market Capitola,1710 41st Ave,,Capitola,CA,95010
346,,Whole Foods Market Coddingtown,390 Coddingtown Mall,,Santa Rosa,CA,95401
348,,Whole Foods Market Tarzana,18700 W Ventura Boulevard,,Tarzana,CA,91356
355,,Whole Foods Market/ARD-Sacramento,4315 Arden Way,,Sacramento,CA,95864
364,,Whole Foods Market/BRK - Berkeley,3000 Telegraph Avenue,,Berkeley,CA,94705
365,,Whole Foods Market/BRT-Brentwood,11737 San Vicente Boulevard,,Los Angeles,CA,90049
367,,Whole Foods Market/BVH-Beverly Hills,239 North Crescent Drive,,Beverly Hills,CA,90210
369,,Whole Foods Market/CBL-Campbell,1690 South Bascom Avenue,,Campbell,CA,95008
390,,Whole Foods Market/FFX-Fairfax,6350 West 3rd Street,,Los Angeles,CA,90036
392,,Whole Foods Market/FRK-Franklin,1765 California Street,,San Francisco,CA,94109
393,,Whole Foods Market/FRS-Fresno,650 West Shaw Avenue,,Fresno,CA,93704
398,,Whole Foods Market/GLN-Glendale,331 North Glendale Avenue,,Glendale,CA,91206
403,,Whole Foods Market/HIL-Hillcrest,711 University Avenue,,San Diego,CA,92103
405,,Whole Foods Market/HOL-West Hollywood,7871 West Santa Monica Blvd.,,Los Angeles,CA,90046
412,,Whole Foods Market/LAJ-La Jolla,8825 Villa La Jolla Drive,,La Jolla,CA,92037
414,,Whole Foods Market/Los Altos,4800 El Camino Real,,Los Altos,CA,94022
415,,Whole Foods Market/Los Gatos,15980 Los Gatos Blvd.,,Los Gatos,CA,95032
422,,Whole Foods Market/MLV-Mill Valley,414 Miller Avenue,,Mill Valley,CA,94941
423,,Whole Foods Market/MRY-Monterey,800 Del Monte Center,,Monterey,CA,93940
427,,Whole Foods Market/OKS-Thousand Oaks,740 N. Moorpark Rd,,Thousand Oaks,CA,91360
428,,Whole Foods Market/PAL-Palo Alto,774 Emerson Street,,Palo Alto,CA,94301
429,,Whole Foods Market/PAS-Pasadena,3751 East Foothill Boulevard,,Pasadena,CA,91107
430,,Whole Foods Market/PCH - El Segundo,760 South Sepulveda Blvd.,,El Segundo,CA,90245
431,,Whole Foods Market/PET-Petaluma,621 E. Washington St.,,Petaluma,CA,94952
444,,Whole Foods Market/PTR-Porter Ranch,19340 Rinaldi Street,,Northridge,CA,91326
448,,Whole Foods Market/RAM - San Ramon,100 Sunset Drive,,San Ramon,CA,94583
450,,Whole Foods Market/RDB-Redondo Beach,405 N. Pacific Coast Hwy.,,Redondo Beach,CA,90277
452,,Whole Foods Market/RED-Redwood City,1250 Jefferson Avenue,,Redwood City,CA,94062
457,,Whole Foods Market/Santa Rosa,1181 Yulupa Avenue,,Santa Rosa,CA,95405
460,,Whole Foods Market/Sebastopol,6910 McKinley St.,,Sebastopol,CA,95472
461,,Whole Foods Market/SHO-Sherman Oaks East,12905 Riverside Drive,,Sherman Oaks,CA,91423
462,,Whole Foods Market/SHW-Sherman Oaks West,4520 Sepulveda Boulevard,,Sherman Oaks,CA,91403
465,,Whole Foods Market/SMC-Santa Monica,2201 Wilshire Boulevard,,Santa Monica,CA,90403
466,,Whole Foods Market/SMT-San Mateo,1010 Park Place,,San Mateo,CA,94403
467,,Whole Foods Market/SOMA-San Francisco,399 4th Street,,San Francisco,CA,94107
469,,Whole Foods Market/SRF-San Rafael,340 Third Street,,San Rafael,CA,94901
474,,Whole Foods Market/TOR-Torrance,2655 Pacific Coast Highway,,Torrance,CA,90505
475,,Whole Foods Market/TUS-Tustin,14945 Holt Avenue,,Tustin,CA,92780
477,,Whole Foods Market/VAL-Valencia,24130 Valencia Boulevard,,Santa Clarita,CA,91355
480,,Whole Foods Market/WAL-Walnut Creek,1333 E. Newell Avenue,,Walnut Creek,CA,94596
483,,Whole Foods Market/WDH-Woodland Hills,21347 Ventura Blvd.,,Woodland Hills,CA,91364
490,,Whole Foods Market/WLA-West Los Angeles,11666 National Boulevard,,Los Angeles,CA,90064
494,,Whole Foods Market/WWD-Westwood,1050 S. Gayley,,Los Angeles,CA,90024
498,,Whole Foods Noe Valley,3950 24th Street,,San Franciso,CA,94114
508,,Sereni-tea,319 N. Mt. Shasta Blvd.,,Mount Shasta,CA,96067
515,,Blossom Restaurant,426 S. Main Street,,Los Angeles,CA,90013
521,,Kafe K,2209 Main Street,,Santa Monica,CA,90405
522,,Co-Opportunity,1525 Broadway,Unit B,Santa Monica,CA,90404
524,,Eureka Co-op,25 4th Street,,Eureka,CA,95501
592,,Whole Foods Market,1150 Ocean Avenue,,San Francisco,CA,94112
593,,Whole Foods Market,415 Newport Beach,,Newport Beach,CA,92660
596,,Grassroots Natural Market & Kitchen,1119 Fair Oaks Ave,,South Pasadena,CA,91030
601,,Whole Foods Market-Oxnard,650 Town Center Dr.,,Oxnard,CA,93036
602,,Whole Foods Market-Laguna Niguel,23932 Aliso Creek Rd,,Laguna Niguel,CA,92024
607,,Whole Foods Market-Davis,500 First Street,,Davis,CA,95616
643,,Verena's Go Gourmet,127 E Branch Street,,Arroyo Grande,CA,93420
283,,Whole Foods Market,303 Marshall Rd.,,Superior,CO,80027
284,,Whole Foods Market,9229 N. Sheridan Blvd.,,Westminster,CO,80031
285,,Whole Foods Market,5910 S. University Blvd.,,Littleton,CO,80121
286,,Whole Foods Market,1111 S. Washington St.,,Denver,CO,80210
287,,Whole Foods Market,900 E. 11th Ave.,,Denver,CO,80218
288,,Whole Foods Market,870 S. Colorado Blvd.,,Glendale,CO,80246
289,,Whole Foods Market,1651 Broadway St.,,Boulder,CO,80302
290,,Whole Foods Market,1275 Alpine Ave.,,Boulder,CO,80304
291,,Whole Foods Market,2584 Baseline Rd.,,Boulder,CO,80305
292,,Whole Foods Market,14357 W. Colfax Ave.,,Lakewood,CO,80401
293,,Whole Foods Market,3180 New Center Point,,Colorado Springs,CO,80922
363,,Whole Foods Market/BMR - Bel Mar,440 S. Wadsworth Boulevard,,Lakewood,CO,80226
370,,Whole Foods Market/CCK-Cherry Creek,2375 East 1st Avenue,,Denver,CO,80206
395,,Whole Foods Market/FTC-Fort Collins,2201 South Collins Avenue,,Fort Collins,CO,80525
404,,Whole Foods Market/HLR-Highland Ranch,9366 S. Colorado Blvd.,,Highland Ranch,CO,80126
439,,Whole Foods Market/PPK-Pike's Peak,7635 N Academy Blvd.,,Colorado Springs,CO,80920
440,,Whole Foods Market/PRL-Boulder,2905 Pearl Street,,Boulder,CO,80301
473,,Whole Foods Market/TMC - Tamarac,7400 East Hampden Avenue,,Denver,CO,80231
608,,Whole Foods Market-Littleton,5155 S. Wadsworth Blvd.,,Littleton,CO,80123
611,,Whole Foods Market-Roaring Fork-Basalt,741 East Valley Road,,Basalt,CO,81621
635,,Buchanans Coffee Pub,1301 Pennsylvania Ave,,Boulder,CO,80302
645,,Innisfree Poetry Bookstore & Cafe,1203 13th Street,,Boulder,CO,80302
648,,Slo-Hi Coffee Co.,4436 W 29th Ave,,Denver,CO,80212
87,,Global Exchange at Busyboys and Poets: 5th and K,1025 5th Street NW,,Washington,DC,20001
327,,Whole Foods Market - Foggy Bottom,2221 EYE Street NW,,Washington,DC,20037
442,,Whole Foods Market/PST-P Street,1440 P Street NW,,Washington,DC,20005
133,,Purple Sage Herbs & Gifts,41 W Main Street,,Middletown,DE,19709
9,,All Spiced Up,1972 San Marco Blvd,,Jacksonville,FL,32207
42,,Bon! Gourmet,142 E. Granada Blvd #2,,Ormond Beach,FL,32176
104,,Jinja,550 S. Rosemary Suite 240,,Palm Beach,FL,33401
107,,Jinja Asia Cafe,1541 International Parkway,,Lake Mary,FL,32746
120,,Mon Ami Gabi,11950 Democracy Dr,,Reston,FL,20190
165,,Tea Largo,1614 Town Center Drive,,Lakeland,FL,33803
256,,Whole Foods Market,8003 Turkey Lake Road,,Orlando,FL,32819
257,,Whole Foods Market,1020 Alton Rd.,,Miami Beach,FL,33139
258,,Whole Foods Market,6701 Red Road,,Coral Gables,FL,33143
259,,Whole Foods Market,11701 S. Dixie Hwy,,Pinecrest,FL,33156
260,,Whole Foods Market,1548 North Dale Mabry Blvd.,,Tampa,FL,33607
357,,Whole Foods Market/BCA- Boca Raton,1400 B Glades Road,,Boca Raton,FL,33431
361,,Whole Foods Market/BIS-Aventura,21105 Biscayne Blvd.,,Aventura,FL,33180
381,,Whole Foods Market/CSP-Coral Springs,810 University Drive,,Coral Springs,FL,33071
396,,Whole Foods Market/FTL-Fort Lauderdale,2000 N. Federal Highway,,Fort Lauderdale,FL,33305
432,,Whole Foods Market/PGA-Palm Beach Gardens,11701 Lake Victoria Gardens Blvd.,,Palm Beach Gardens,FL,33410
436,,Whole Foods Market/PLA-Plantation,7720 Peters Road,,Plantation,FL,33324
458,,Whole Foods Market/SAR - Sarasota,1451 1st Street,,Sarasota,FL,34236
492,,Whole Foods Market/WPK-Winter Park,1989 Aloma Avenue,,Winter Park,FL,32792
509,,WineStyles at Uptown Altamonte,303 E Altamonte Drive #1425,,Altamonte Springs,FL,32701
555,,Love Whole Foods,1633 Taylor Road,,Port Orange,FL,32128
556,,Love Whole Foods,275 Williamson Blvd,,Ormond Beach,FL,32174
557,,Mazzaro Italian Market,2909 22nd Avenue North,,St. Petersburg,FL,33713
574,,Healthway of Vero Inc,1537 Us Highway 1,,Vero Beach,FL,32960
575,,Mojo Books & Music,2558 E Flowler Ave,,Tampa,FL,33612
576,,Zen Body-Zen Health,2534 10th Street,#206,Sarasota,FL,34237
598,,Wynn's Market,141 9th Street North,,Naples,FL,34102
604,,Whole Foods Market-Carrolwood,3802 Northdale Blvd,,Tampa,FL,33624
606,,Whole Foods Market-North Miami,12150 Biscayne Road,,Miami,FL,33181
672,,The Urban Bean,2023 Park Ave,,Orange Park,FL,32073
682,,Curia,2029 NW 6th Street,Suite B,Gainesville,FL,32609
699,,Brew Urban Cafe,638 N Federal Hwy,Victoria Park Shoppes,Fort Lauderdale,FL,33304
708,,Open Mikes,454 N Harbor City Blvd,,Melbourne,FL,32935
712,,Genesis Non-GMO Vitamins,877 91st Ave N #4,,Naples,FL,34108
713,,Eternity Coffee Roasters,117 SE 2nd Ave,,Miami,FL,33131
723,,Panther Coffee,3407 Main Highway,,Miami,FL,33133
25,,Atlanta Coffee Roasters,2205-F Lavista Road,,Atlanta,GA,30329
154,,Sevananda Natural Foods Market,467 Moreland Avenue NE,,Atlanta,GA,30307
161,,Taste,416 Church St,,Decatur,GA,30030
352,,Whole Foods Market/Alpharetta-Cafe,1180 Upper Hembree Rd.,,Roswell,GA,30076
358,,Whole Foods Market/BCF - Briarcliff,2111 Briarcliff Rd.,,Atlanta,GA,30329
379,,Whole Foods Market/COB - Cobb,70 Powers Ferry Rd. SE,,Marietta,GA,30067
387,,Whole Foods Market/Duluth,5945 State Bridge Road,,Duluth,GA,30097
400,,Whole Foods Market/GWI - Gwinnett,2025 Satellite Point,,Duluth,GA,30096
438,,Whole Foods Market/PNC-Ponce De Leon,650 Ponce De Leon,,Atlanta,GA,30308
459,,Whole Foods Market/SDY-Sandy Springs,5930 Roswell Rd.,,Atlanta,GA,30328
484,,Whole Foods Market/West Paces - Bakery,43-77 West Paces Ferry NW,,Atlanta,GA,30305
485,,Whole Foods Market/West Paces Ferry,77 West Paces Ferry NW,,Atlanta,GA,30305
537,,Earth Fare,1689 S. Lumpkin Street,,Athens,GA,30606
538,,Earth Fare,368 Fury's Ferry Road,Suite 3,Martinez,GA,30907
558,,Brighter Day Natural Foods,1102 Bull Street,,Savannah,GA,31401
577,,Metro Acupuncture,6255 Barfield Road,175,Atlanta,GA,30328
578,,Octane Coffee,437 Memorial Drive SE,Suite A5,Atlanta,GA,30312
579,,Octane Coffee,600 Peachtree Street NE,West Wing,Atlanta,GA,30308
580,,Octane Coffee,1009 B Marietta Street,,Atlanta,GA,30318
650,,Boulder Creek Coffee,2815 Buford Dr NE,#108,Buford,GA,30519
664,,Superica,99 Krog St NE,,Atlanta,GA,30307
665,,King and Duke,3060 Peachtree Rd NW W Paces Ferry Rd,,Atlanta,GA,30326
666,,St. Cecilia,3455 Peachtree Rd,,Atlanta,GA,30326
667,,The El Felix,1130 Avalon Blvd,#1030,Alpharetta,GA,30009
684,,Last Word,701-5 Highland Avenue Northeast,,Atlanta,GA,30312
685,,Condesa Coffee -John Wesley Dobbs,480 John Wesley Dobbs Ave NE,#100,Atlanta,GA,30312
686,,Condesa Coffee -Auburn,145 Auburn Avenue NE,Suite A,Atlanta,GA,30303
709,,The Cookie Studio,30 Pharr Rd NW,,Atlanta,GA,30305
711,,The Sentient Bean,13 E Park Ave,,Savannah,GA,31401
715,,Proof Bakeshop,100 Hurt St NE,,Atlanta,GA,30307
716,,Cakes and Ale,155 Sycamore St,,Decatur,GA,30030
717,,Treylor Park,115 E Bay St,,Savannah,GA,31401
724,,The Rook and Pawn,294 W. Washington St,Suite 300,Athens,GA,30601
318,,Whole Foods Market,4211 Wai'alae Avenue,,Honolulu,HI,96816
34,,Be the Butterfly,202 SW Cherry St.,,Ankeny,IA,50023
523,,New Pioneer Co-op,1101 2nd Street,,Coralville,IA,52241
595,,Whole Foods Market,4100 University Ave,,West Des Moines,IA,50266
520,,Boise Co-op,888 W. Fort Street,,Boise,ID,83702
610,,Whole Foods Market-Boise,401 S. Broadway St.,,Boise,ID,83702
647,,Gaiwan Tea House,901 4th St,,Coeur d Alene,ID,83814
37,,Bee Hollow Market,217 E Main,,Mascoutah,IL,62258
67,,Crystal Lake Health Foods,25 E. Crystal LAke Ave.,,Crystal Lake,IL,60014
69,,Delightful Pastries,1710 N. Wells,,Chicago,IL,60614
70,,Dill Pickle Food Co-op,19936 S. Spruce Drive,,Frankfort,IL,60423
71,,Dill Pickle Food Co-op,3039 W. Fullerton,,Chicago,IL,60647
77,,Fezziwig's Marketplace,218 West Saint Louis Street,,Lebanon,IL,62254
80,,Frontera Fresca-Old Orchard,One Old Orchard Center,,Skokie,IL,60077
85,,Global Coffee & Cargo,2917 W. Armitage,,Chicago,IL,60647
92,,Green Grocer,1420 W Grand,,Chicago,IL,60622
141,,Rose's Bakery,3005 Colefax Street,,Evanston,IL,60201
146,,Sam's Wines & Spirits,1720 N. Marcey Street,,Chicago,IL,60614
160,,Sweet Cakes Bakery,935 N. Damen,,Chicago,IL,60622
170,,The Grind Cafe,4613B N. Lincoln Avenue,,Chicago,IL,60625
274,,Whole Foods Market,840 Willow Road,,Northbrook,IL,60062
275,,Whole Foods Market,1111 Chicago Ave.,,Evanston,IL,60202
276,,Whole Foods Market,500 E. Ogden Ave.,,Hinsdale,IL,60521
277,,Whole Foods Market,2607 W. 75th Street,,Naperville,IL,60565
333,,Whole Foods Market - New Lincoln Park,1550 N. Kingsbury Street,,Chicago,IL,60642
347,,Whole Foods Market Schaumburg,750 N. Martingale Road,,Schaumburg,IL,60173
377,,Whole Foods Market/CIC-Sauganash,6020 N. Cicero Ave.,,Chicago,IL,60646
385,,Whole Foods Market/DRF-Deerfield,760 Waukegan Road,,Deerfield,IL,60015
388,,Whole Foods Market/EVN-Evanston,1640 Chicago Avenue,,Evanston,IL,60201
399,,Whole Foods Market/GST-Gold Coast,30 W. Huron St.,,Chicago,IL,60610
413,,Whole Foods Market/LKV-Lakeview,3300 North Ashland,,Chicago,IL,60657
443,,Whole Foods Market/PTN-Palatine,1331 North Rand Road,,Palatine,IL,60074
456,,Whole Foods Market/RVF-River Forest,7245 West Lake Street,,River Forest,IL,60305
482,,Whole Foods Market/WBK-Willowbrook,201 West 63rd Street,,Willowbrook,IL,60527
493,,Whole Foods Market/WTN-Wheaton,151 Rice Lake Square,,Wheaton,IL,60187
605,,Whole Foods Market-KLD-Kildeer,20281 Rand Road,,Kildeer,IL,60074
144,,Sahara Mart,106 E. 2nd Street,,Madison,IN,47401
145,,Sahara Mart (3rd st),2611 E 3rd St,,Bloomintonn,IN,47401
271,,Whole Foods Market,14598 Clay Terrace Blvd.,,Carmel,IN,46032
272,,Whole Foods Market,1300 E. 86th St.,,Indianapolis,IN,46240
280,,Whole Foods Market,6621 W. 119th St.,,Overland Park,KS,66209
419,,Whole Foods Market/MET-Kansas,7401 West 91st Street,,Overland Park,KS,66212
517,,Community Mercantile,901 Iowa Street,,Lawrence,KS,66044
268,,Whole Foods Market,161 Lexington Green Circle,,Lexington,KY,44133
416,,Whole Foods Market/LOU-Louisville,4944 Shelbyville Rd.,,Louisville,KY,40207
660,,A Cup of Common Wealth,105 Eastern Ave,,Lexington,KY,40508
670,,Dinoysus Beverage Sales,221 National Avenue,,Grayson,KY,41143
350,,Whole Foods Market/ABS-Arabella Station,5600 Magazine Street,,New Orleans,LA,70115
366,,Whole Foods Market/BTR - Baton Rouge,7529 Corporate Boulevard,,Baton Rouge,LA,70809
479,,Whole Foods Market/VTN- Veterans,3420 Veterans Blvd.,,Metairie,LA,70002
559,,Twine,1846 Fairfield Avenue 1104,,Shreveport,LA,71101
609,,Whole Foods Market-Melrose,880 Main Street,,Melrose,MA,02176
612,,Whole Foods Market-South Weymouth,35 Pleasant Street,,South Weymouth,MA,02190
613,,Whole Foods Market- Brookline,1026-1028 Beacon St.,,Brookline,MA,02446
615,,Whole Foods Market-Lynnfield,100 Market Street,,Lynnfield,MA,01904
617,,Whole Foods Market-Charlestown,51 Austin Street,,Charlestown,MA,02129
43,,Breathe Books,810 W 36th Street,,Baltimore,MD,21211
73,,East West Tea Emporium,1300 Ritchie HighwaySte. D,,Arnold,MD,21012
163,,Tea By Julia Faye,4901 Spring Garden Drive,,Baltimore,MD,21209
190,,Victoria's Fancy Foods,350 Ritchie Hwy,,Severna Park,MD,21146
203,,Wegmans/14-Hunt Valley,122 Shawan Road,,Hunt Valley,MD,21030
328,,Whole Foods Market - Friendship Heights,4420 Willard Avenue,,Chevy Chase,MD,20815
353,,Whole Foods Market/Annapolis,2504 Solomons Island Road,,Annapolis,MD,21401
360,,Whole Foods Market/BET-Bethesda,5269 River Road,,Bethesda,MD,20816
407,,Whole Foods Market/INH-Inner Harbor East,1001 Fleet Street Suite A,,Baltimore,MD,21202
411,,Whole Foods Market/KTL-Kentlands,316 Kentlands Blvd.,,Gaithersburg,MD,20878
424,,Whole Foods Market/Mt Washington,1330 Smith Avenue,,Baltimore,MD,21209
463,,Whole Foods Market/Silver Spring,833 Wayne Avenue,,Silver Spring,MD,20910
619,,Matcha Time Cafe,3785 Hamilton Street,,Ellicott City,MD,21043
621,,Dawson's Market,225 N. Washington St.,,Rockville,MD,20850
23,,Aroma's Coffee & Tea,10850 E. Traverse Hwy.,,Traverse City,MI,49684
97,,Herman's Boy,220 Northland Dr,,Rockford,MI,49341
109,,Lake Street Market,306 S. Lake Street,,Boyne City,MI,49712
112,,Lilys Goods,H2902 HWY 44,,Traunik,MI,49891
115,,Marquette Food Co-Op,109 West Baraga Avenue,,Marquette,MI,49855
128,,Plum Market,375 North Maple Road,,Ann Arbor,MI,48103
129,,Plum Market,3675 West Maple Road,,Bloomfield,MI,48301
130,,Plum Market,6565 Orchard Lake Rd.,,West Bloomfield,MI,48322
264,,Whole Foods Market,990 W. Eisenhower Parkway,,Ann Arbor,MI,40503
273,,Whole Foods Market,2918 Walton Blvd,,Rochester Hills,MI,48309
354,,Whole Foods Market/ARB -Ann Arbor Stadium,Huron Village Shopping Center,,Ann Arbor,MI,48104
449,,Whole Foods Market/RCR-Rochester Hills,1404 Walton Blvd.,,Rochester Hills,MI,48309
470,,Whole Foods Market/SST-Somerset,2880 West Maple,,Troy,MI,48084
481,,Whole Foods Market/WBF-West Bloomfield,7350 West Orchard Lake Road,,West Bloomfield,MI,48322
600,,Whole Foods Market-Midtown Detroit,115 Mack Avenue,,Detroit,MI,48201
155,,Seward Community Co-op,2823E Franklin Ave.,,Minneapolis,MN,55406
194,,Wedge Co-op,2105 Lyndale Ave S.,,Minneapolis,MN,55405
195,,Wedge Worldwide,746 Vandalia St.,,Saint Paul,MN,55114
375,,Whole Foods Market/CHN-Lake Calhoun,3060 Excelsior Blvd.,,Minneapolis,MN,55416
471,,Whole Foods Market/St. Paul-Cafe,30 South Fairview,,St. Paul,MN,55105
525,,Just Food C-op,516 Water Street South,,Northfield,MN,55057
527,,Linden Hills Co-op,3815 Sunnyside Ave.,,Minneapolis,MN,55410
599,,Whole Foods Market-Maple Grove,12201 Elm Creek Boulevard,,Maple Grove,MN,55369
623,,Valley Natural Foods,13750 County Rd 11,,Burnsville,MN,55337
88,,Global Fayre LLC,324 S Campbell,,Springfield,MO,65806
173,,The London Tea Room,1520 Washington Avenue,,Saint Louis,MO,63103
278,,Whole Foods Market,1160 Town and Country Crossing Drive,,Town and Country,MO,63017
279,,Whole Foods Market,4301 Main St.,,Kansas City,MO,64111
397,,Whole Foods Market/GAL-St. Louis,1601 S. Brentwood,,St. Louis,MO,63144
118,,Meadowsweet Herbs,180 S 3rd St,,Missoula,MT,59801
134,,Red Lodge Books,11 N Broadway,,Red Lodge,MT,59068
505,,Zoo Town Brew,121 West Broadway,,Missoula,MT,53802
519,,Community Food Co-op,908 W. Main Street,,Bozeman,MT,59715
2,,A Southern Season,201 South Estes Drive,,Chapel Hill,NC,27514
65,,Crema Coffee Roaster & Espresso Bar,1983 High House Rd.,,Cary,NC,27519
334,,Whole Foods Market - North Raleigh,8710 Six Forks Road,,Raleigh,NC,27615
335,,Whole Foods Market - North Raleigh,8710 Six Forks Rd,,Raleigh,NC,27615
342,,Whole Foods Market - Trolley Square,70 Merrimon Avenue,,Asheville,NC,28801
368,,Whole Foods Market/CAR-Cary,102B New Waverly Place,,Cary,NC,27511
376,,Whole Foods Market/CHP-Chapel Hill,81 South Elliott,,Chapel Hill,NC,27514
386,,Whole Foods Market/DRH-Durham,621 Broad Street,,Durham,NC,27705
447,,Whole Foods Market/RAL-Raleigh,3540 Wade Avenue,,Raleigh,NC,27607
489,,Whole Foods Market/WIN-Winston-Salem,41 Miller Street,,Winston-Salem,NC,27104
529,,Earth Fare,10341 Moncreiffe Road,,Raleigh,NC,27617
530,,Earth Fare,14021 Boren Street,,Huntersville,NC,28078
531,,Earth Fare,2965 Battleground Avenue,,Greensboro,NC,27408
532,,Earth Fare,721 Governor Morrison Street,Suite 110,Charlottesville,NC,28211
533,,Earth Fare,12235 N. Community House Road,,Charlotte,NC,28277
534,,Earth Fare,178 W. King Street,,Boone,NC,28607
535,,Earth Fare,1856 Hendersonville Road,,Asheville,NC,28803
536,,Earth Fare,66 Westgate Parkway,,Asheville,NC,28806
560,,Harris Teeter,3333 Pineville-Matthews Road,,Charlotte,NC,28226
561,,Tidal Creek,5329 Oleander Drive,#100,Wilmington,NC,28403
581,,Bubbling Well,2330 Simmons Road,,Westfield,NC,27053
582,,Nature's Own,195 Bell Ave,,Southern Pine,NC,27701
583,,Respite Cafe,115 N. Duke Street,#1A,Durham,NC,27701
584,,Sola Coffee and Cafe,12812 Beech Wood Court,,Raleigh,NC,27614
591,,Whole Foods Market,6610 Fairview Road,,Charlotte,NC,28210
616,,Whole Foods Market-Savannah,2800 Perimeter Park Drive Suite C,,Morrisville,NC,27560
651,,The Daily Press,3227 N Davidson St,,Charlotte,NC,28205
655,,Dashi,415 E Chapel Hill St,,Durham,NC,27701
656,,Toast,345 W Main St,,Durham,NC,27701
658,,Honeysuckle Tea House,8871 Pickards Meadow Rd,,Chapel Hill,NC,27516
663,,Kindred,131 N Main St,,Davidson,NC,28036
669,,Durham Co-op Market,1111 W Chapel Hill St,,Durham,NC,27701
676,,Sierra Nevada Brewing- Taproom and Restaurant,100 Sierra Nevada Way,,Fletcher,NC,28732
688,,Wisteria Southern Gastropub,108 E Meeting St,,Morganton,NC,28655
706,,Fox and the Fig,615 Oak Avenue,,Spruce Pine,NC,28777
720,,Fireflies Tea Room and Art Studio,"4172 State Hwy 80 S, ",,Burnsville,NC,28714
453,,Whole Foods Market/RGY - Omaha,10020 Regency Circle,,Omaha,NE,68114
105,,Jinja,8900 Holly Ave NE,,Albuquerque,NM,87122
106,,Jinja,510 N. Guadalupe Ste. P,,Santa Fe,NM,87501
186,,Transcendence Design,1521 Upper Canyon Road,,Santa Fe,NM,87501
302,,Whole Foods Market,2103 Carlisle Blvd. NE,,Albuquerque,NM,87110
303,,Whole Foods Market,11015 Menaul Blvd. NE,,Albuquerque,NM,87112
304,,Whole Foods Market,1090 S. Saint Francis Dr.,,Santa Fe,NM,87505
371,,Whole Foods Market/CER-Santa Fe,753 Cerrillos Road,,Santa Fe,NM,87501
562,,Talin Market World Food Fare,88 Louisiana Blvd,,Albuquerque,NM,87108
189,,Valley Cheese and Wine,Valley Cheese and Wine,,Henderson,NV,30030
305,,Whole Foods Market,7250 W. Lake Mead Blvd.,,Las Vegas,NV,89128
306,,Whole Foods Market,6139 S. Virginia Street,,Reno,NV,89502
349,,Whole Foods Market Tenaya,7250 W Lake Mead Boulevard,,Las Vegas,NV,89128
394,,Whole Foods Market/FTA-Fort Apache,8855 West Charleston Boulevard,,Las Vegas,NV,89117
402,,Whole Foods Market/HEN-Henderson,100 S. Green Valley Parkway,,Henderson,NV,89012
82,,Fruit and Salad Company,680 Pittsford-Victor Road,,Pittsford,NY,14534
103,,Jane on Main,15 N Main Street,,Pearl River,NY,10965
196,,Wegmans/01-John Glenn,7518 Oswego Road,,Liverpool,NY,13090
197,,Wegmans/03-Eastway,1955 Empire Blvd.,,Webster,NY,14580
198,,Wegmans/06-Newark,Finch & Miller Street,,Newark,NY,14513
200,,Wegmans/11-Canandaigua,345 Eastern Boulevard,,Canandaigua,NY,14424
201,,Wegmans/12-Ridgemont,2833 Ridge Road West,,Rochester,NY,14626
202,,Wegmans/13-Lyell Avenue,12301 Lyell Avenue,,Rochester,NY,14606
205,,Wegmans/17-Hornell,1000 Highway 36 North,,Hornell,NY,14843
206,,Wegmans/18-East Avenue,1750 East Avenue,,Rochester,NY,14610
207,,Wegmans/24-Perinton,6600 Pittsford-Palmyra Road,,Rochester,NY,14450
208,,Wegmans/25-Pittsford,3195 Monroe Avenue,,Rochester,NY,14618
209,,Wegmans/26-Geneseo,4276 Lakeville Road,,Geneseo,NY,14454
210,,Wegmans/30-Dewitt,6789 East Genesee Street,,Fayetteville,NY,13066
211,,Wegmans/31-Onondaga,4722 Onondaga Boulevard,,Syracuse,NY,13219
212,,Wegmans/33-Cicero,7954 Brewerton Road,,Cicero,NY,13039
213,,Wegmans/34-Taft Road,4979 West Taft Road,,Liverpool,NY,13088
214,,Wegmans/35-Great Northern,3955 Route 31,,Liverpool,NY,13090
216,,Wegmans/38-Auburn,1 Loop Road,,Auburn,NY,13021
217,,Wegmans/39-Fairmount,3325 West Genesee Street,,Syracuse,NY,13219
219,,Wegmans/51-Corning,24 S. Bridge Street,,Corning,NY,14830
220,,Wegmans/61-Britton Road (Rochester),3660 Dewey Avenue,,Rochester,NY,14616
221,,Wegmans/62-Marketplace,650 Hylan Drive,,Rochester,NY,14623
222,,Wegmans/63-Penfield,2157 Penfield Road,,Penfield,NY,14526
223,,Wegmans/64-Latta Road,3177 Latta Road,,Rochester,NY,14612
224,,Wegmans/65-Brockport,6660 Fourth Section Road,,Brockport,NY,14420
225,,Wegmans/66-Holt Road,900 Holt Road,,Webster,NY,14580
226,,Wegmans/67-Irondequoit,525 Titus Avenue,,Rochester,NY,14617
227,,Wegmans/68-Chili-Paul,3175 Chili Avenue,,Rochester,NY,14624
229,,Wegmans/70-Elmira,1100 Clemens Center Parkway,,Elmira,NY,14901
230,,Wegmans/71-Ithaca,600 South Meadow Street,,Ithaca,NY,14850
231,,Wegmans/73-Johnson City,650 Harry L Drive,,Johnson City,NY,13790
232,,Wegmans/74-Geneva,300 Hamilton Street,,Geneva,NY,14456
238,,Wegmans/80-Dick Road,651 Dick Road,,Rochester,NY,14603
239,,Wegmans/82-Alberta Drive,675 Alberta Drive,,Amherst,NY,14226
240,,Wegmans/83-Sheridan Drive,5275 Sheridan Drive,,Williamsville,NY,14221
241,,Wegmans/84-McKinley,S-3740 McKinley Parkway,,Buffalo,NY,14219
242,,Wegmans/86-Niagara Falls Boulevard,3135 Niagara Falls Boulevard,,Amherst,NY,14228
243,,Wegmans/87-Losson Road,4960 Transit Road,,Depew,NY,14043
244,,Wegmans/88-Ellicott,945 Fairmount Avenue West,,Jamestown,NY,14701
245,,Wegmans/89-West Seneca,370 Orchard Park Road,,West Seneca,NY,14224
246,,Wegmans/90-Transit Road,8270 Transit Road,,Williamsville,NY,14221
247,,Wegmans/91-Amherst,601 Amherst Street,,Buffalo,NY,14207
248,,Wegmans/92-Military Road,1577 Military Road,,Niagara Falls,NY,14303
250,,Wegmans/97-Bethlehem,5000 Wegmans Drive,,Rochester,NY,14603
254,,Whole Foods Market,95 East Houston St,,New York,NY,10002
255,,Whole Foods Market,270 Greenwich Street,,New York,NY,10007
331,,Whole Foods Market - Lake Grove,120 New Moriches Road,,Lake Grove,NY,11755
374,,Whole Foods Market/CHE-Chelsea,250 7th Avenue,,New York,NY,10001
378,,Whole Foods Market/CIR-Columbus Circle,Shops at Columbus Circle,,New York,NY,10019
409,,Whole Foods Market/Jericho,429 North Broadway,,Jericho,NY,11753
420,,Whole Foods Market/MHS-Manhasset,2101 Northern Blvd.,,Munsey Park,NY,11030
476,,Whole Foods Market/USQ - Union Square,40 E. 14th Street,,New York,NY,10003
487,,Whole Foods Market/WHP-White Plains,110 Bloomingdale Road,,White Plains,NY,10605
499,,Whole Foods Upper West Side,808 Columbus Ave,,New York,NY,10025
590,,Whole Foods Market,226 East 57th Street,,New York,NY,10022
622,,Healthy Living Market,3065 New York 50,,Saratoga Springs,NY,12866
265,,Whole Foods Market,1555 W. Lane Ave.,,Upper Arlington,OH,43221
266,,Whole Foods Market,13998 Cedar Rd,,University Heights,OH,44118
267,,Whole Foods Market,27249 Chagrin Blvd.,,Woodmere,OH,44122
269,,Whole Foods Market,5805 Deerfield Blvd.,,Mason,OH,45040
270,,Whole Foods Market,2693 Edmondson Rd.,,Cincinnati,OH,45209
336,,Whole Foods Market - Ohio StateWest Lane,1649 W Lane Ave,,Upper Arlington,OH,43221
380,,Whole Foods Market/Columbus,3670 W. Dublin-Granville Road,,Columbus,OH,43235
382,,Whole Foods Market/CTR-Cleveland,13998 Cedar Road,,University Heights,OH,44118
503,,Winans Chocolates & Coffee,6735 Miller Lane,,Dayton,OH,45414
625,,Boston Stoker -Englewood/ Clayton,8321 North Main Street,,Clayton,OH,45426
626,,Boston Stoker -Columbus,1660 Neil Ave,,Columbus,OH,43201
627,,Boston Stoker -Centerville,6071 Far Hills Ave,,Centerville,OH,45459
628,,Boston Stoker -Dayton,34 W Second,,Dayton,OH,45402
629,,Boston Stoker-Dayton International Airport,3600 Terminal Drive,,Vandalia,OH,45377
630,,Boston Stoker-Troy,1293 S. Dorset Rd,,Troy,OH,45373
631,,Boston Stoker-Dorothy Lane Markety/Springboro,740 N. Main St,,Springboro,OH,45066
632,,Boston Stoker -Dorothy Lane Market / Washington Square,6177 Far Hills Ave.,,Centerville,OH,45459
633,,Boston Stoker -Dorothy Lane Market / Oakwood,2710 Far Hills Ave.,,Oakwood,OH,45419
72,,Dragonmoon Tea Co,1927 South Harvard,,Tulsa,OK,74112
282,,Whole Foods Market,1401 E. 41st St.,,Tulsa,OK,74105
504,,Winans Chocolates & Coffee,207 E. Main Street,,Norman,OK,73069
589,,Michelangelo's Coffee & Wine Bar,207 E. Main Street,,Norman,OK,73069
652,,Fullfilled Coffee Co.,601 S Boulevard St,,Edmond,OK,73034
671,,Nourished Food Co.,131 Dean A McGee Ave,#115,Oklahoma City,OK,73102
721,,The Coffee Cup,401 N Broadway St,,Poteau,OK,74953
426,,Whole Foods Market/OAK - Oakville,301 Cornwall Road,,Oakville,ON,L6J 7Z5
497,,Whole Foods Market/Yorkville,87 Avenue Road Box 320,,Toronto,ON,M5R 3R9
636,,Bella Sabatina Tea Shoppe,1702 Avenue Road,,Toronto,ON,M5M 3Y4
319,,Whole Foods Market,19440 NW Cornell Rd,,Hillsboro,OR,97124
320,,Whole Foods Market,3535 NE 15th Ave.,,Portland,OR,97212
321,,Whole Foods Market,2825 East Burnside St.,,Portland,OR,97214
322,,Whole Foods Market,2610 NE Hwy 20,,Bend,OR,97701
324,,Whole Foods Market - Bridgeport,7380 SW Bridgeport Rd.,,Tigard,OR,97224
441,,Whole Foods Market/PRT-Portland,1210 NW Couch Street,,Portland,OR,97209
639,,Seattle Coffee Gear,26 NW 23rd PL,,Portland,OR,97210
1,,A Cook's Wares,211 37th Street,,Beaver Falls,PA,15010
49,,Cafe Lindo,109 South Broad Street,,Kennett Square,PA,19348
66,,Crossroads Bake Shop Inc.,812 N Easton Rd,,Doylestown,PA,18902
114,,Marktfrau Premium Teas,Country Inn Shoppes,,Wexford,PA,15090
157,,Sisters Special Teas,5996D Steubenville Pike,,McKees Rocks,PA,15136
166,,Tea Merchant 101,1381 Plank Road,,Duncansville,PA,16635
171,,The Handcrafted Cookie Company,24 S. Main St.,,Phoenixville,PA,19460
172,,The Herbal Gourmet,548 S. Main Street,,Harrisville,PA,16038
174,,The Midtown Scholar Bookstore-Cafe,1302 North Third Street,,Harrisburg,PA,17102
177,,The Tea Fairy,4001 Cresent Avenue,,Lafayette Hill,PA,19444
215,,Wegmans/36-Warrington,1405 Main Street,,Warrington,PA,18976
218,,Wegmans/50-Downingtown,1056 E. Lancaster Avenue,,Downingtown,PA,19335
228,,Wegmans/69-Erie West,5028 West Ridge Road,,Erie,PA,16506
233,,Wegmans/75-Erie,6143 Peach Street,,Erie,PA,16509
234,,Wegmans/76-Dickson City,1315 Scranton-Carbondale,,Scranton,PA,18508
235,,Wegmans/77-Wilkes-Barre,220 Highland Park Boulevard,,Wilkes-Barre,PA,18702
236,,Wegmans/78-Williamsport,201 William Street,,Williamsport,PA,17701
237,,Wegmans/79-Tilghman Street,3900 Tilghman Street,,Allentown,PA,18104
249,,Wegmans/94-Lower Nazareth,3791 Easton Nazareth Highway,,Easton,PA,18045
251,,Wegmans/98-State College,345 Lowe's Boulevard,,State College,PA,16803
338,,Whole Foods Market - Plymouth Meeting,500 W. Germantown Pike,,Plymouth Meeting,PA,19462
383,,Whole Foods Market/DEV-Devon,821 Lancaster Avenue,,Wayne,PA,19087
408,,Whole Foods Market/JEN-Jenkintown,1575 Fairway Rd.,,Jenkintown,PA,19046
425,,Whole Foods Market/NWL-North Wales,1210 Bethlehem Pike,,North Wales,PA,19454
433,,Whole Foods Market/Philadelphia,2001 Pennsylvania Avenue,,Philadelphia,PA,19130
434,,Whole Foods Market/Pittsburgh,5880 Centre Avenue,,Pittsburgh,PA,15206
468,,Whole Foods Market/SOS-South Street,929 South Street,,Philadelphia,PA,19147
496,,Whole Foods Market/WYN-Wynnewood,339 East Lancaster Ave.,,Wynnewood,PA,19096
372,,Whole Foods Market/Charleston-Coffee Bar,923 Houston Northcutt Blvd.,,Mt. Pleasant,SC,29464
491,,Whole Foods Market/Woodruff,1140 Woodruff Road,,Greenville,SC,29607
542,,Earth Fare,74 Folly Road Boulevard,,Charleston,SC,29407
543,,Earth Fare,3312 B Devine Street,,Columbia,SC,29205
544,,Earth Fare,3620 Pelham Road,,Greenville,SC,29615
545,,Earth Fare,725 Cherry Road,,Rock Hill,SC,29732
551,,Newton Farms,515 Freshfields Drive,F-100,Johns Island,SC,29455
585,,Tho Organic Kind,2378 Avondale Drive,,Spartanburg,SC,29302
618,,A Southern Season,730 Coleman Blvd.,,Mount Pleasant,SC,29464
677,,Cafe Framboise,159 Market St,,Charleston,SC,29401
678,,Caviar and Bananas -George Street,"College of Charleston, 51 George St",,Charleston,SC,29401
679,,Caviar and Bananas -Meeting Street,188 Meeting Street,In City Market Great Hall,Charleston,SC,29401
700,,The Village Grind,1263 Pendleton St,,Greenville,SC,29611
714,,Vintage Coffee Cafe,219 Simmons St,,Charleston,SC,29464
725,,Due South Coffee Roasters,250 Mill St #4C,,Taylors,SC,29687
132,,PrairieSun Organics LLC dba UMV Local Foods Market,108B E Main Street,,Vermillion,SD,57069
261,,Whole Foods Market,1735 Galleria Blvd.,,Franklin,TN,37067
262,,Whole Foods Market,4021 Hillsboro Pike,,Nashville,TN,37215
263,,Whole Foods Market,5022 Poplar Ave.,,Memphis,TN,38117
345,,Whole Foods Market Chattanooga,301 Manufacturers Road,,Chattanooga,TN,37405
546,,Earth Fare,1814 Gunbarrel Road,Suite 100,Chattanooga,TN,37421
547,,Earth Fare,1735 W. State of Franklin Road,,Johnson City,TN,37604
548,,Earth Fare,140 N. Forest Park Boulevard,,Knoxville,TN,37919
549,,Earth Fare,2425 Apalachee Parkway,,Tallahassee,TN,32301
563,,Natural Foods Market,3211 Peoples Street,Ste. 74,Johnson City,TN,37604
586,,Davis Cookware,1717 21st Avenue South,,Nashville,TN,37212
587,,Low Arts Tea Haven,332 McGinnis Circle,,Collierville,TN,38017
588,,Velo Coffee Roasters,509 East Main Street,,Chattanooga,TN,37408
659,,Paleo Foods Cafe,2900 Alcoa Hwy,,Knoxville,TN,37920
662,,Wholesale Nutrition -Collierville,2130 W Poplar Ave,#102,Collierville,TN,38017
673,,Fenwick's 300,2600 Franklin Pike,Suite 103,Nashville,TN,37204
674,,Bongo Java at The Johnny Cash Museum,119 3rd Ave S,,Nashville,TN,37201
689,,Hutshops LLC,2740 Whitten Rd,,Memphis,TN,38133
691,,Dozen Bakery,516 Hagan St,#103,Nashville,TN,37203
692,,Dose Coffee and Tea,3431 Murphy Rd,,Nashville,TN,37203
694,,The Perch -Brentwood,117a Franklin Road,,Brentwood,TN,37027
695,,The Perch -Green Hills,2002 Richard Jones Road,Suite B-106,Nashville,TN,37215
696,,The Perch -Downtown,300 James Robertson Pkwy,,Nashville,TN,37201
697,,Crossroads Coffeehouse,1960 Oak Ridge Highway,,Clinton,TN,37716
701,,The Mill,1999 Ogburn Chapel Rd,,Clarksville,TN,37042
703,,Just Love Coffee Roaster -Murfreesboro,129 Middle Tenn Christian School Rd,,Murfreesboro,TN,37129
704,,Just Love Coffee Roaster -Nashville,1528 Demonbreun St,,Nashville,TN,37203
705,,Just Love Coffee Roaster  - Brentwood,7010 Executive Center Drive,Suite A 106,Brentwood,TN,37027
710,,Pa Bunk's - Local Organic Foods,107 S Church St,,Murfreesboro,TN,37130
52,,Central Market/Broadway #191,4821 Broadway,,San Antonio,TX,78209
53,,Central Market/Dallas #552,5750 East Lover's Lane,,Dallas,TX,75206
54,,Central Market/Fort Worth #545,4651 West Freeway Suite A,,Fort Worth,TX,76107
55,,Central Market/Houston #491,3815 Westheimer,,Houston,TX,77027
56,,Central Market/North Lamar #061,4001 N. Lamar Blvd.,,Austin,TX,78756
57,,Central Market/Plano,320 Coit Rd.,,Plano,TX,75075
58,,Central Market/Southlake #055,1425 E. Southlake Blvd,,Southlake,TX,76092
59,,Central Market/Westgate #420,4477 S. Lamar Blvd. Suite 1000,,Austin,TX,78745
252,,White Rock Coffee,10105 E . Northwest Hwy.,,Dallas,TX,75238
326,,Whole Foods Market - Fairview,105 Stacy Road,,Fairview,TX,75069
332,,Whole Foods Market - Montrose,701 Waugh Drive,,Houston,TX,77019
337,,Whole Foods Market - Park Lane,8190 Park Lane,,Dallas,TX,75231
359,,Whole Foods Market/BEL-Bellaire,4004 Belaire Blvd,,Houston,TX,77025
384,,Whole Foods Market/DLS-Dallas,2218 Lower Greenville Avenue,,Dallas,TX,75206
391,,Whole Foods Market/Forest,11700 Preston Lane,,Dallas,TX,75230
401,,Whole Foods Market/GWY-Gateway,9607 Research Blvd. #300,,Austin,TX,78759
406,,Whole Foods Market/HPK-Highland Park,4100 Lomo Alto,,Highland Park,TX,75219
410,,Whole Foods Market/KIR-Kirby,2955 Kirby Drive,,Houston,TX,77098
435,,Whole Foods Market/PKY-ArlingtonTEXAS,801 E. Lamar Blvd.,,Arlington,TX,76011
437,,Whole Foods Market/PLN-Plano,2201 East Preston Road Suite C,,Plano,TX,75093
446,,Whole Foods Market/QRY-Quarry,255 East Basse Road Suite 130,,San Antonio,TX,78209
454,,Whole Foods Market/RIC-Richardson,60 Dal-Rich Village,,Richardson,TX,75080
464,,Whole Foods Market/SIXth Street & Lamar,525 North Lamar Blvd.,,Austin,TX,78703
488,,Whole Foods Market/WIL-Wilcrest,11145 Westheimer Road,,Houston,TX,77042
495,,Whole Foods Market/WWY-Woodway,6401 Woodway #149,,Houston,TX,77057
507,,A Healthy Store,1200 Central Blvd.,,Brownsville,TX,78520
564,,El Huesode Fraile,837 E. Elizabeth Street,D,Brownsville,TX,78520
565,,Hubble and Hudson Market and Bistro,27640 Commerce Oaks Drive,,Oak Ridge North,TX,77385
566,,Morning Star Wellness,505 E. Boydstun,Suite 3,Rockwall,TX,75087
567,,Trianon Coffee,3201 Bee Cave Road 163,,Austin,TX,75422
570,,Central Market/Preston,10720 Preston Road,#1900,Dallas,TX,75230
571,,Morning Glory Natural,3500 North Street,Suite 5,Nacogdoches,TX,75965
594,,Whole Foods Market,18403 Blanco Road,,San Antonio,TX,78258
614,,Whole Foods Market-Addison,5100 Belt Line Road,,Addison,TX,75254
649,,Oliver & Co,320 E. Wallace St,,San Saba,TX,76877
653,,Smoke Restaurant- Plano,2408 Preston Rd,Suite 704A,Plano,TX,75093
654,,Savor Coffee Bar and Eatery,1101 E Bardin Rd,#101,Arlington,TX,76018
661,,The Flag Store of Hyde Park,4429 Duval St,,Austin,TX,78751
668,,Levure Bakery and Patisserie,26400 Kuykendahl,Suite A160,Tomball,TX,77375
675,,Red Horn Coffee House and Brewing Co.,13010 W Parmer Ln,#800,Cedar Park,TX,78613
680,,SWEET,801 Town and Country Boulevard,Suite A120,Houston,TX,77024
681,,Tout Suite,2001 Commerce St,,Houston,TX,77002
683,,Magic Cup Inc,901 N Jupiter Rd,#150,Richardson,TX,75081
690,,Daylight Donuts,2625 S Loop Hwy 35,Ste 181,Alvin,TX,77511
693,,Teasters Tea Co.,4601 S Loop 289,,Lubbock,TX,79424
707,,Fang's Cafe,24914 Kuykendahl Rd,,Tomball,TX,77375
718,,JT Pastries LLC,6968 Wilcrest Dr,Suite D,Houston,TX,77072
719,,Herbal Roots,205 County Rd 306G,,Seminole,TX,79360
722,,Barbazzar,702 West Bay Area Blvd,,Webster,TX,77598
294,,Whole Foods Market,1748 West Redstone Center Drive,,Park City,UT,84098
295,,Whole Foods Market,645 E. 400 South,,Salt Lake City,UT,84102
296,,Whole Foods Market,1131 E. Wilmington Ave.,,Salt Lake City,UT,84106
297,,Whole Foods Market,6930 S. Highland Drive,,Cottonwood Heights,UT,84121
343,,Whole Foods Market - Trolley Square,544 South 700 East,,Salt Lake City,UT,84102
86,,Global Exchange at Busboy's and Poets: Shirlington,4251 South Campbell Ave,,Arlington,VA,22206
96,,Health Hut Nutrition,1505 Enterprise Drive,,Lynchburg,VA,24502
199,,Wegmans/07-Dulles,45131 Columbia Place,,Sterling,VA,20166
204,,Wegmans/16-Fairfax,11620 Monument Drive,,Fairfax,VA,22030
325,,Whole Foods Market - Charlottesville,1797 Hydraulic Road,,Charlotesville,VA,22901
341,,Whole Foods Market - Short Pump,11173 West Broad Street,,Glen Allen,VA,23060
351,,Whole Foods Market/Alexandria,1700 Duke Street,,Alexandria,VA,22314
356,,Whole Foods Market/ARL-Arlington,2700 Wilson Blvd.,,Arlington,VA,22201
373,,Whole Foods Market/Charlottesville,300 Shoppers World Court,,Charlottesville,VA,22901
389,,Whole Foods Market/Fair Lakes,4501 Market Commons Drive,,Fairfax,VA,22033
478,,Whole Foods Market/Vienna,143 Maple Avenue East,,Vienna,VA,22180
620,,Ellwood Thompson,4 N. Thompson St.,,Richmond,VA,23221
10,,All the Tea & China tea room and gifts,115 S. 2nd St.,,Ilwaco,WA,98624
131,,Poverty Bay Coffee Company,1108 A South 322nd Place,,Federal Way,WA,98003
143,,Sage Mountain Natural Foods,11734 Hwy 2,,Leavenworth,WA,98826
164,,Tea Lady,420 Steele Street SE,,Olympia,WA,98501
176,,The T(ea) Gallery,700 5th Avenue/ Level 6 North,,Seattle,WA,98104
179,,Town & Country/Bainbridge Island,343 Winslow Way East,,Bainbridge Island,WA,98110
180,,Town & Country/Ballard Market,1400 NW 56th,,Seattle,WA,98107
181,,Town & Country/Central Market (Poulsbo),20148 10th Avenue NE,,Poulsbo,WA,98370
182,,Town & Country/Greenwood Market,8500 3rd Avenue NW,,Seattle,WA,98117
183,,Town & Country/Mill Creek Central Market,15605 Main Street,,Mill Creek,WA,98012
184,,Town & Country/Shoreline Central Market,15505 Westminster Way North,,Shoreline,WA,98133
191,,Village Yarn & Tea Shop,19500 Ballinger Way,,Shoreline,WA,98155
253,,Whole Foods Interbay,2001 15th Avenue W,,Seattle,WA,98119
362,,Whole Foods Market/BLV-Bellevue,888 116th Avenue NE,,Bellevue,WA,98004
451,,Whole Foods Market/Redmond,17991 NE Redmond Way,,Redmond,WA,98052
455,,Whole Foods Market/RSQ-Seattle,1026 NE 64th Street,,Seattle,WA,98115
486,,Whole Foods Market/Westlake,2210 Westlake Avenue,,SEATTLE,WA,98121
516,,Community Food Co-op,1220 N. Forest Street,,Bellingham,WA,98225
637,,Seattle Coffee Gear,6911 216th St. SW Suite A,,Lynnwood,WA,98036
638,,Seattle Coffee Gear,10692 NE 8th St.,,Bellevue,WA,98004
640,,Seattle Coffee Gear,400 Pine St. Suite 112,,Seattle,WA,98101
641,,Seattle Coffee Gear,3000 184th Street SW Suite 951,,Lynnwood,WA,98037
646,,Giraffe,9905 SW 174th St,,Vashon,WA,98070
11,,Anaba Tea Room,2107 East Capitol Drive,,Shorewood,WI,53211
22,,Anodyne Bayview,2920 S. Kinnickinnec Avenue,,Milwaukee,WI,53207
24,,Art Bar,722 East Burleigh Street,,Milwaukee,WI,53212
26,,Back to Bliss,120 Dehne Dr.,,Colby,WI,54421
27,,Barriques Coffee Trader,1901 Cayuga Street,,Middleton,WI,53562
28,,Barriques Coffee Trader,8410 Old Sauk Road,,Middleton,WI,53562
29,,Barriques Coffee Trader,127 West Washington,,Madison,WI,53703
30,,Barriques Coffee Trader,1831 Monroe Street,,Madison,WI,53711
31,,Barriques Coffee Trader,5957 McKee Road,,Fitchburg,WI,53719
35,,Beans & Barley,1901 East North Avenue,,Milwaukee,WI,53202
36,,Beans'n Cream Coffeehouse,5550 Eastpark Blvd,,Madison,WI,53718
38,,Bella Caffe,189 North Milwaukee Street,,Milwaukee,WI,53202
40,,Bluffland Bloom & View,119 S. 4th Street,,La Crosse,WI,54601
41,,Body Awareness Center,1234 North Prospect Avenue,,Milwaukee,WI,53202
44,,Bremen Cafe,901 East Clarke Street,,Milwaukee,WI,53212
45,,Brewed,1208 East Brady Street,,Milwaukee,WI,53202
46,,Brocach,1850 North Water Street,,Milwaukee,WI,53202
47,,Buckley's Kiskeam Inn,801 North Cass Street,,Milwaukee,WI,53202
48,,Cafe Centraal,2306 South Kinnickinnic Avenue,,Milwaukee,WI,53207
50,,Cafe Lulu,2265 South Howell Avenue,,Milwaukee,WI,53207
51,,Carrot Tree Coffee,1146 Mountain Bay Drive,,Pulaski,WI,54162
60,,Coffee Corner Bistro,102 Main St,,Kewaskum,WI,53040
61,,Coffee With A Conscience,1555 North Rivercenter Drive,,Milwaukee,WI,53212
62,,Comet Cafe,1947 North Farwell,,Milwaukee,WI,53202
63,,Community Bark,326 W Brown Deer Road,,Bayside,WI,53217
64,,Coquette Cafe,316 North Milwaukee Street,,Milwaukee,WI,53202
74,,Espresso Christoph,825 North Jefferson Street,,Milwaukee,WI,53202
75,,Family Natural Health Foods,910 W Grand Ave,,Wisconsin Rapids,WI,54495
76,,Fava Tea,1656 N. Casaloma Drive,,Appleton,WI,54913
78,,Fixx Coffeehouse,3558 East Sivyer Avenue,,St. Francis,WI,53235
79,,Four Corners of the World,5401 West Vliet Street,,Milwaukee,WI,53208
83,,Fuel Cafe,818 East Center Street,,Milwaukee,WI,53212
84,,Gaglianos Market,627 Genesee Street,,Delafield,WI,53018
89,,Good Harvest Market,1850 Meadow Lane,,Pewaukee,WI,53072
90,,Gooseberries Fresh Food Market,690 West State Street,,Burlington,WI,53105
91,,Grasch Foods Inc.,13950 West North Avenue,,Brookfield,WI,53005
93,,Groppi's,1441 East Russell Avenue,,Milwaukee,WI,53207
94,,Halo,1221 East Brady Street,,Milwaukee,WI,53202
95,,Hartland Market,212 E Capitol Dr,,Hartland,WI,53029
98,,Hi Fi Cafe,2640 South Kinnickinnic Avenue,,Milwaukee,WI,53207
99,,Honeypie,2643 South Kinnickinnic Avenue,,Milwaukee,WI,53207
100,,Hotch-a-do,1813 East Kenilworth Place,,Milwaukee,WI,53202
101,,Hotel Metro,411 East Mason Street,,Milwaukee,WI,53202
102,,Jacques's French Cafe,1022 South 1st Street,,Milwaukee,WI,53204
108,,Kate Leahy Sage Hollow,658 DePere Rd,,Denmark,WI,54208
110,,Last Drop,3801 N Oakland Ave,,Milwaukee,WI,53211
111,,Latte Da Inc.,4117 W. Portage St.,,Milwaukee,WI,53209
116,,Marquette University/Brew Bayou*,1926 West Wisconsin Avenue Room 250,,Milwaukee,WI,53233
117,,Marquette University/Natural Market,1442 W. Wisconsin Ave.,,Milwaukee,WI,53233
119,,Milwaukee Art Museum Cafe,700 North Art Museum Drive,,Milwaukee,WI,53202
121,,Nessun Dorma,2778 North Weil Street,,Milwaukee,WI,53212
122,,Orange Tree Imports,1721 Monroe Street,,Madison,WI,53711
123,,Outpost Co-op,100 East Capitol Drive,,Milwaukee,WI,53203
124,,Outpost Co-op,2826 S. Kinnickinnic,,Milwaukee,WI,53207
125,,Outpost Co-op,7000 West State Street,,Wauwatosa,WI,53213
126,,Outpost Co-op,7590 W Mequon Road,,Mequon,WI,53902
127,,Paradise Tea and Chocolate,120 S Albany,,Spring Green,WI,53556
135,,Richardson's Furniture Emporium,202 Pine Street,,Sheboygan Falls,WI,53085
136,,Riverwest Food Co-op,733 E. Clarke Street,,Milwaukee,WI,53212
137,,Roast Coffee Company,2132 East Locust Street,,Milwaukee,WI,53211
138,,Rochambo,1317 East Brady Street,,Milwaukee,WI,53202
139,,Root Note,115 S 4th Street,,La Crosse,WI,54601
140,,Roots Restaurant and Cellar,1818 North Hubbard Street,,Milwaukee,WI,53212
142,,Ruby G's Espresso Bar & Cafe,2043 West Wells Street,,Milwaukee,WI,53233
147,,Sanford Restaurant,1547 North Jackson Street,,Milwaukee,WI,53202
148,,Sendik's - Brookfield,18985 W. Capitol Drive,,Brookfield,WI,53045
149,,Sendik's - Grafton,2195 First Ave.,,Grafton,WI,53024
150,,Sendik's- Mequon,10930 N. Port Washington Road,,Mequon,WI,53092
151,,Sendik's- Oakland,4027 North Oakland Avenue,,Milwaukee,WI,53211
152,,Sendik's- Tosa,8616 West North Avenue,,Wauwatosa,WI,53226
153,,Sendik's- WFB,500 East Silver Spring Drive,,Whitefish Bay,WI,53217
156,,Sherman Perk Coffee Shop,4924 West Roosevelt Drive,,Milwaukee,WI,53216
159,,Stone Creek Coffee,422 North Fifth Street,,Milwaukee,WI,53203
169,,Tenuta's,2995 South Clement Avenue,,Milwaukee,WI,53207
175,,The National (MKE),839 West National Avenue,,Milwaukee,WI,53204
187,,Transfer Pizza,101 West Mitchell Street,,Milwaukee,WI,53204
188,,UWM-Bookstore,2200 East Kenwood Boulevard,,Milwaukee,WI,53211
192,,Volcano,540 North Main Street,,West Bend,WI,53090
193,,Waterhouse Foods,110 E Lake St,,Lake Mills,WI,53551
417,,Whole Foods Market/MAD-Madison,3313 University Avenue,,Madison,WI,53705
421,,Whole Foods Market/Milwaukee,2305 North Prospect Ave.,,Milwaukee,WI,53211
500,,Wild Flour Bakery & Cafe,2800 W. Lincoln Avenue,,Milwaukee,WI,53215
501,,Willy Street Co-op,1221 Williamson St,,Madison,WI,53703
502,,Willy Street Cooperative Grocery West,6825 University Ave,,Middleton,WI,53562
506,,Globally Sound Fair Trade Imports & USA Made,604 W. College Ave.,,Appleton,WI,54911
510,,Verduras Tea House & Cafe,181 N Broadway,,Milwaukee,WI,53202
511,,Cafe Benelux,346 N. Broadway,,Milwaukee,WI,53202
512,,Health Hut - Brookfield,19035 W. Bluemound Rd.,,Brookfield,WI,53045
513,,Health Hut - Hales Corners,5610 S. 108th Street,,Hales Corners,WI,53130
514,,Health Hut,2225 S. 108th Street,,Milwaukee,WI,53227
518,,Community Pharmacy,341 State Street,,Madison,WI,53703
526,,Menomonie Market Food Co-op,521 E. 2nd Street,,Menomonie,WI,54751
528,,Odd Duck,2352 S. Kinnickinnic Ave.,,Milwaukee,WI,53207
550,,The Essential Cafe & Bistro,21 S. Wisconsin,,Elkhorn,WI,53121
568,,Coffee Mill,441 Mill Street,,Fontana,WI,53125
569,,Weeds,W62N588 Washington Ave,,Cedarburg,WI,53012
597,,Back to Bliss,105 W 3rd Street,,Marshfield,WI,54441
624,,Luna Cafe,330 Main Ave.,,De Pere,WI,54115
644,,Greens N Grains LLC,7821 Hwy 42,,Egg Harbor,WI,54209
642,,Cafe De Arts Roastery,136 E St Paul Ave,,Waukesha,WI,53188
643,,Java's Cafe,16 Gibbs St.,,Rochester,NY,15604
644,,Gunshow,924 Garrett St,,Atlanta,GA,30316
645,,Aurora Coffee,468 Moreland Ave NE,,Atlanta,GA,30307
645,,Bantam and Biddy -Lenox,3393 Peachtree Rd NE,,Atlanta,GA,30326
647,,Bantam and Biddy -Crescent,1050 Crescent Ave NE,,Atlanta,GA,30309
648,,Big City Bread Cafe,393 N Finley St,,Athens,GA,30601
649,,Cafe Campesino,725 Spring St,,Americus,GA,31709
650,,Canvas Cafe and Bakery,724 Cherokee St NE,,Marietta,GA,30060
651,,City Coffee,1718 Bull St,,Savannah,GA,31401
652,,Doc Chey's Noodle House - Virginia Highland / Morningside,1424 North Highland Avenue,,Atlanta,GA,30306
653,,Doc Chey's Noodle House - Grant Park,563 Memorial Drive,,Atlanta,GA,30312
654,,Doc Chey's Dragon Bowl,1556 North Decatur Road,,Atlanta,GA,30307
655,,Doc Chey's Noodle House -Ashville,37 Biltmore Ave.,,Asheville,NC,28801
656,,Mae's Bakery,Lenox Village Apartments,2770 Lenox Rd NE,Atlanta,GA,30324
657,,Ebrik Coffee Room,16 Park Pl SE,,Atlanta,GA,30303
658,,Empire State South,999 Peachtree St NE Suite 140,,Atlanta,GA,30309
659,,Goldberg's Bagel and Deli -Avalon,3180 Avalon Blvd,,Alpharetta,GA,30009
660,,Health unlimited -Atlana,2968 N Druid Hills Rd NE,,Atlanta,GA,30329
661,,Hendershots,237 Prince Ave,,Athens,GA,30601
662,,Seabear Oyster Bar,297 Prince Ave,Suite 10,Athens,GA,30601
663,,The National,232 W Hancock Ave,,Athens,GA,30601
664,,Jittery Joes -St. Mary's Hospital,1230 Baxter St.,,Athens,GA,30606
665,,Jittery Joes -UGA School of Law,225 Herty Drive,,Athens,GA,30602
666,,Land of a Thousand Hills Coffee,352 S Atlanta St,,Roswell,GA,30075
667,,Leon's Full Service,131 E Ponce De Leon Ave,,Decatur,GA,30030
668,,Local Three Kitchen and Bar,3290 Northside Pkwy NW,,Atlanta,GA,30327
669,,Metro Acupuncture,6255 Barfield Rd NE,#175,Atlanta,GA,30328
670,,Muss and Turners,1675 Cumberland Pkwy SE,#309,Smyrna,GA,30080
671,,Midtown Coffee House,1342 13th Street,,Columbus,GA,31901
672,,Speakeasy,269 E Broad St.,,Athens,GA,30601
673,,Taproom Coffee,1963 Hosea L Williams Dr NE,R106,Atlanta,GA,30317
674,,Taste and See Coffee Shop and Gallery,"546 Poplar St, Macon, GA 31201",,Macon,GA,31201
675,,The Bishop,124 N Avondale Rd,,Avondale Estates,GA,30002
676,,The Coffee Fox,102 W Broughton St,,Savannah,GA,31401
677,,The Foxy Loxy Cafe,1919 Bull Street,,Savannah,GA,31401
678,,The Florence,1 W Victory Drive,#B,Savannah,GA,31405
679,,The Iberian Pig,121 Sycamore St,,Decatur,GA,30030
680,,Cooks and Soldiers,691 14th St NW,,Atlanta,GA,30318
681,,The Thirsty Monkey,1951 Commerce Drive,,Kingsland,GA,31548
682,,Three Blind Mice,1066 Killian Hill Rd SW,#101,Lilburn,GA,30047
683,,Two Story Coffee,1680 S Lumpkin Street,,Athens,GA,30606
684,,White Oak Kitchen & Cocktails,270 Peachtree St NE,,Atlanta,GA,30303
685,,Woodfire Grill,1782 Cheshire Bridge Rd NE,,Atlanta,GA,30324
686,,Java Monkey,425 Church St,,Decatur,GA,30030
687,,Advanced Health,2225 E Randol Mill Rd,#630,Arlington,TX,76011
688,,Bouldin Creek Coffeehouse Cafe,1900 S 1st St,,Austin,TX,78704
689,,Dichotomy Coffee and Spirits,508 Austin Ave,,Waco,TX,76701
690,,Down House,1801 Yale Street,,Houston,TX,77008
691,,Franks Hot Dofs Cold Beer,407 Colorado St,,Austin,TX,78701
692,,Roots Coffeehouse,9101 TX-26,#101,North Richland Hills,TX,76180
693,,roots Coffeehouse - Highland Village,2570 FM407,#140,Highland Village,TX,75077
694,,Revolucion Coffee & Juice,"Collection Shopping Center, 7959 Broadway Street",#507,San Antonio,TX,78209
695,,The Coffee House,1320 Apryl Drive,,Aledo,TX,76008
696,,The Queen Vic,2712 Richmond Ave,,Houston,TX,77098
697,,Ice Valley Cafe,8608 Hwy 6 N,,Houston,TX,77095
698,,Eatsie Boys,4100 Montrose Blvd,,Central Houston,TX,77006
699,,The Stellar Cafe,235 N LBJ Drive,,San Marcos,TX,78666
700,,Zeds Restaurant,501 W Canyon Ridge Drive,,Austin,TX,78753
701,,Craft and Social,305 E Franklin Ave,,El Paso,TX,79901
702,,Sawyer & Co Diner,4827 E Cesar Chavez St,,Austin,TX,78702
703,,Oporto Cafe,3833 Richmond Avenue,,Houston,TX,77027
704,,Copacetic Coffee,1211 Hixson Pike,,Chattanooga,TN,37405
705,,Edgehill Cafe,1201 Villa Pl.,,Nashville,TN,37212
706,,K Brew,1328 N Broadway,,Knoxville,TN,37917
707,,Muddy's Bake Shop,5101 Sanderlin,#114,Memphis,TN,38117
708,,Old City Java,109 S Central Street,,Knoxville,TN,37902
709,,The Camp House,149 E ML King Blvd,,Chattanooga,TN,37402
710,,Alabama Biscuit Company,4133 White Oak Drive,,Birmingham,AL,35243
711,,Fairhope Health Foods,280 Eastern Shore Shopping Center,,Fairhope,AL,36532
712,,Grounded Coffee,12120 County Line Rd,,Madison,AL,35756
713,,House of Lulu,1911 Cahaba Rd,,Birmingham,AL,35223
714,,Octane Coffee (Birmingham/ Homewood),2821 Central Avenue,,Birmingham,AL,35209
715,,Octane Coffee (Birmingham/Arrington Blvd),2221 Richard Arrington Jr Blvd,,Birmingham,AL,35203
716,,Ollie Irene,2713 Culver Rd,,Mountain Brook,AL,35223
717,,Urban Standard,2320 2nd Ave N,,Birmingham,AL,35203
718,,Amavida Coffee - Seaside,2236 E. Co Hwy 30A,,Seaside,FL,32459
719,,Amavida Coffee - Rosemary Beach,104 North Barrett Square,Unit 1A Lofts West,Rosemary Beach,FL,32461
720,,Amavida Coffee - St. Andrews,2997 W. 10th St.,,Panama City,FL,32401
721,,Cafe Bleu - Delray Beach,44 E Atlantic Ave,,Delray Beach,FL,33444
722,,Sweet Marlays Coffee,214 S Beach Street,,Daytona Beach,FL,32114
723,,Tony and Adas Coffee,2110 Chiquita Blvd S,,Cape Coral,FL,33991
724,,Vespr Craft Coffee and Allures,626 N Alafaya Trail,#105,Orlando,FL,32828
725,,Perq Coffee Bar,1821 Hillview Street,,Sarasota,FL,34239
726,,D.I.G. Bistro,7700 N Wickham Rd,,Melbourne,FL,32940
727,,For The Health Of It,2217 County Rd 30A,,Santa Rosa Beach,FL,32459
728,,Food and Thought,2132 Tamiami Trail N,,Naples,FL,34102
729,,Sunseed Food Co-Op,6615 N Atlantic Avenue,,Cape Canaveral,FL,32920
730,,Kapow Noodle Bar,Mizner Park 431 Plaza Real,,Boca Raton,FL,33432
731,,Constant Coffee and Tea,615 Scenic Hwy,,Pensacola,FL,32503
732,,Casa Di Mazzaro,3001 22nd Ave N,,St. Petersburg,FL,33713
733,,Natures Healthy Harvest,2330 N Wickham Rd,#14,Melbourne,FL,32935
734,,Atlantic Acupuncture,721 Ridgewood Ave,,Daytona Beach,FL,32117
735,,Green Bar Kitchen,1075 SE 17th Street,,Fort Lauderdale,FL,33316
736,,KaraBoo Bakery,10859 Emerald Coast Pkwy,,Destin,FL,32541
737,,Main Street Provisions,415 E. Main Street,,Bartow,FL,33830
738,,Truly Organic Pizza,1016 Immokalee Rd,,Naples,FL,34110
739,,Felicitous Coffee and Tea,11706 N 51st Street,,Tampa,FL,33617
740,,Cafe Bleu - Gables,6620 SW 57th Ave,,Coral Gables,FL,33143
741,,The Seed,199 West Palmetto Park Road,Suite F,Boca Raton,FL,33432
742,,Lost Dog Coffee,134 East German St.,,Shepherdstown,WV,25443
743,,Spirit Cove,90 Wilson Avenue,Red Building Booth 17,Manalapan,NJ,07726
744,,Shop the Fox,1917 Bull Street Upper,,Savannah,GA,31401
745,,929 Coffee Bar,106 East Main Street,,Starkville,MS,39759
746,,Green Arrow Arancini,4212 Central Drive,,Morehead City,NC,28557
747,,Le Fat,1568 Gilstrap Lane,,Atlanta,GA,30318
748,,Herb and Vitamin Depot,5886 Wendy Bagwell Pkwy,Suite 403,Hiram,GA,30141
749,,The Durham,315 E. Chapel Hill Street,,Durham,NC,27701
750,,Drip -Saluda Avenue,729 Saluda Avenue,,Columbia,SC,29205
751,,Herban Marketplace,1211 Newcastle St,,Beaufort,SC,29902
752,,Videri Chocolate Factory,327 West Davie Street,,Raleigh,NC,27601
753,,Panther Coffee - Sunset Harbor,1875 Purdy Avenue,,Miami Beach,FL,33139
754,,The Heath Kick,2023 Memorial Blvd,Suite A,Springfield,TN,37172
755,,Land of a Thousand Hills - Atlantic Station,232 19th St,#7100,Atlanta,GA,30363
756,,Full Circle Eatery,8101 Phillips Hwy.,,Jacksonville,FL,32256
757,,Kollective Coffee and Tea,110 Central Ave.,,Hot Springs,AR,71901
758,,Five and Ten,1073 S Milledge Ave.,,Athens,GA,30605
759,,Spice it to a Tea Inc,64 West Main Street,,Brevard,NC,28712
760,,Panther Coffee -Coconut Grove,3407 Main Hwy,,Miami,FL,33133
761,,Henry & June,784 North Highland Avenue Northeast,,Atlanta,GA,30306
762,,The Optimist,914 Howell Mill Rd,,Atlanta,GA,30318
763,,Cafe Lovewell,5219 Mt Washington Rd,,Louisville,KY,40229
764,,Chattahoochee Coffee Company -Riverside,6640 Akers Mill Rd SE,,Atlanta,GA,30339
765,,Back Alley Coffee,314 Brooks St,,Wake Forest,NC,27587
766,,White Elephant Coffee Company,1415 S Presa St ,Suite #107,San Antonio,TX,78210
767,,Chattahoochee Coffee Company - Westside,790 Huff Rd NW,,Atlanta,GA,30318
768,,Ahimsa,620 SouthEast 10th Street,,Deerfield Beach,FL,33441
769,,Tipple and Rose,806 North Highland Avenue Northeast,,Atlanta,GA,30306
770,,Coffee Jon,2100 W. Wadley Avenue,Suite 46,Midland,TX,79705
771,,Cedar Coffee Supply,113 E. Holland Ave,,Alpine,TX,79830
772,,Your Moms Donuts,1612 English Knoll Drive,,Matthews,NC,28105
773,,Garners Natural Life - Woodruff,1601 Woodruff Road,Suite A-B,Greenville,SC,29607
774,,Blue Dream Curry House,81 Patton Avenue,,Asheville,NC,28801
775,,Collective Coffee Company,766 South Shelmore Blvd,Suite #202,Mt. Pleasant,SC,29464
776,,Customshop,1601 Elizabeth Avenue,,Charlotte,NC,28204
777,,Butchertown Grocery,1076 E. Washington St.,,Louisville,KY,40206
778,,Maywood Davis,612 William Hilton Parkway,,Hilton Head,SC,29926
779,,Edmunds Oast,1081 Morrison Drive,,Charleston,SC,29403
780,,Juice It Raw,4225 Sienna Pkwy,Suite #200,Missouri City,TX,77459
781,,Half-Peach Cafe,3929 Stonyrun Drive,,Louisville,KY,40220
782,,The Pure Water Stop,100 Mercer Street,Suite C,Dripping Springs,TX,78620
783,,Beasley's Chicken and Honey,237 S Wilmington St,,Raleigh,NC,27601
784,,Chuck's,237 S Wilmington St,,Raleigh,NC,27601
785,,Space Girl Organics,1342 Gem Circle,,Rockledge,FL,32955
786,,Wild Love Bakehouse,1625 N. Central St.,,Knoxville,TN,37917
787,,The Perch -Westhaven,150 Front Street,Suite #110,Franklin,TN,37064
788,,Bosta Wine and Coffee,1801 Binz Street,Suite #130,Houston,TX,77004
789,,Bread and Butterfly,290 Elizabeth St,,Atlanta,GA,30307
790,,Community Nat Foods-Chinook,202 - 61st Avenue SW,Chinook Station Market,CALGARY,AB,T2H 0B4
791,,Nature's Emporium,27 - 16655 Yonge Street,,NEWMARKET,ON,L3X 1V6
792,,Community Nat Foods-10th Ave,1304 10th Avenue SW,,CALGARY,AB,T3C 0J2
793,,Goodness Me! - Warehouse,37 Woodyatt Drive,,BRANTFORD,ON,N3R 7K3
794,,Riverside Grocery,201 Lowe St,,WHITEHORSE,YK,Y1A 1W5
795,,Community Nat. Foods-Crowfoot,850 Crowfoot Crescent NW,,CALGARY,AB,T3G 0B4
796,,Avril - Warehouse,Avril Entrepot,610 George-Cross,GRANBY,QC,J2J 1N2
797,,Famous Foods,1595 Kingsway,,VANCOUVER,BC,V5N 2R8
798,,Herbs & Nutrition,572 Bloor Street West,by Qi Natural Foods,TORONTO,ON,M6G 1K1
799,,Ambrosia Natural Foods,55 Doncaster Avenue,,THORNHILL,ON,L3T 1L7
800,,Cureself Inc.,125A  - 1030 Denman Street ,Suite 334,VANCOUVER,BC,V6G 2M6
801,,Pure Integrative Pharmacy,3533 West 4th Avenue,,VANCOUVER,BC,V6R 1N9
802,,Timbertrain Coffee Roasters,311 W. Cordova St.,,VANCOUVER,BC,V6B 4K2
803,,Nature's Emporium,2 - 2535 Major Mackenzie Drive W,,VAUGHAN,ON,L6A 1C6
804,,Healthy Planet,Warehouse,47 Railside Road,NORTH YORK,ON,M3A 1B2
805,,The Market on Millstream,125-2401C Millstream  Road,,VICTORIA,BC,V9B 3R5
806,,The Community Farm Store Ltd.,#2 - 5380 Trans Canada Hwy,,DUNCAN,BC,V9L 6W4
807,,Lifestyle Markets,180 - 2950 Douglas Street,,VICTORIA,BC,V8T 4N4
808,,Saskatoon Herbs & Health,"1005 Broadway Avenue, #3",,SASKATOON,SK,S7N 1C1
809,,Nature's Fare - Kelowna,120-1876 Cooper Rd,,KELOWNA,BC,V1Y 9N6
810,,Pomme Natural Market,#9 - 2755 Lougheed Highway,,PORT COQUITLAM,BC,V3B 5Y9
811,,Optimum Health Vits & More,11810 - 104th Avenue,Oliver Square,EDMONTON,AB,T5K 2T8
812,,Nutter's #3 - Red Deer,20A - 5250 - 22nd Street,,RED DEER,AB,T4R 2T4
813,,Grove Vitamins,#504-8840 210th St.,,LANGLEY,BC,V1M 2Y2
814,,Bonjour Marketplace,8496 Granville St.,,VANCOUVER,BC,V6P 4Z7
815,,Nature's Fare - Langley,#120 - 19880 Langley By-Pass,,LANGLEY,BC,V3A 4Y1
816,,Vita Health - Dakota,#19 - 845 Dakota Avenue,St. Vital Square,WINNIPEG,MB,R2M 5M3
817,,Mother Nature's,331 Columbia Avenue,Tarasoff Enterprises Inc,CASTLEGAR,BC,V1N 1G6
818,,Muskoka Natural Food Mrkt,Hwy 118 West,Bracebridge Shopping Centre,BRACEBRIDGE,ON,P1L 1W1
819,,La Moisson,"360, rue Sicard",,SAINTE-THERESE,QC,J7E 3X4
820,,Amaranth - Enjoy Center,101 Riel Dr,,ST ALBERT,AB,T8N3X4
821,,Pure Pharmacy Health Ctn ,111-15388 24th Avenue,,SOUTH SURREY,BC,V4A2J2
822,,The Gentle Rain,30 Rebecca St,,STRATFORD,ON,N5A 3P1
823,,Eos Natural Foods,"112 Front Street, Unit 114",,WOLFVILLE,NS,B4P 1A4
824,,Healthy Planet - WHITBY,#3 - 80 Thickson Rd. S,,WHITBY,ON,L1N 7T2
825,,Sweet Cherubim,1103 Commercial Dr.,,VANCOUVER,BC,V5L 3X3
826,,Vita Health - Garden City,20 - 2188 McPhillips St.,,WINNIPEG,MB,R2V 3C8
827,,Fiddleheads Health & Nut. ,480 Hespeler Road,,CAMBRIDGE,ON,N1R 7R9
828,,Dr. Katarzyna Heigelmann,888 Dunsmuir Road,,VICTORIA,BC,V9A 5B7
829,,The Healthy Road,518 King Street E.,,TORONTO,ON,M5A 1M1
830,,Nature's Fare - Kamloops,"1350 Summit Drive, #5",,KAMLOOPS,BC,V2C 1T8
831,,Healthy Planet - Brampton,Unit 18 - 410 @ 7 Plaza,150 West Drive,BRAMPTON,ON,L6T 4P9
832,,The Water Bug Hth Fd Store,850 Colborne Road,Northgate Plaza,SARNIA,ON,N7T 6V8
833,,Nutter's #1 - Medicine Hat,107 -  1601 Dunmore Rd S.E.,,MEDICINE HAT,AB,T1A 1Z8
834,,Healthily Ever After,224 St Lawrence St.,,MERRICKVILLE,ON,K0G 1N0
835,,Pure Pharmacy Robson,238 Robson Street,,VANCOUVER,BC,V6B 6A1
836,,Fiddleheads Health & Nut.,25 Bruce Street,,KITCHENER,ON,N2B 1Y4
837,,Hive Emporium,9 - 575 N. Road,,GABRIOLA ISLAND,BC,V0R 1X1
838,,Nutter's #14 - Leduc,4720 51st Avenue,,LEDUC,AB,T9E 6Y8
839,,Down to Earth Health Shop,"5003 51 Ave, Box 2410",,FORT NELSON,BC,V0C 1R0
840,,The Natural Health Shop,16 Stavanger Drive,,ST JOHN'S,NL,A1A 5E8
841,,Healthy Planet - OAKVILLE,"2501 Hyde Park Gate, Unit C2",,OAKVILLE,ON,L6H 6G6
842,,TAU Pointe-Claire,9228-6632 Quebec inc.,"2335, Aut. Transcanadienne",POINTE-CLAIRE,QC,H9R 5Z5
843,,Island Natural Mar,6560 Metral Drive,,NANAIMO,BC,V9T 2L9
844,,Pomme Natural Market #2,1722 Davie Street,,VANCOUVER,BC,V6G 1W2
845,,Donald's Market Store #3,130 - 810 Quayside Drive,DM Marketing ltd.,NEW WESTMINSTER,BC,V3M 6B9
846,,Organza Market,2 - 230 Osborne Street,Organza Limited Partnership,WINNIPEG,MB,R3L 1Z5
847,,Natural Allergy Solutions,Unit B - 1290 Cornwall Road,Ashna Starrett,OAKVILLE,ON,L6J 7W5
848,,Nature's Fare - Vernon,104 - 3400 - 30th Avenue,,VERNON,BC,V1T 2E2
849,,Shopeco,1645 Wyandotte Street E,Suite 100,WINDSOR,ON,N8Y 1C8
850,,Nature's Pantry,3744 First Avenue,PO BOX 3197,SMITHERS,BC,V0J 2N0
851,,Panier Sante,303 rue Lindsay,La Boite a sante,DRUMMONDVILLE,QC,J2B 1G4
852,,Nature's Fare - Westbank,#104 - 3480 Carrington Road,Organco Holdings,WESTBANK,BC,V4T 3C1
853,,The Granary Inc.,107 Bridge Street,,CARLTON PLACE,ON,K7C 2V4
854,,Nutter's #31 - Battleford,11204 Railway Avenue East,Bay #5,NORTH BATTLEFORD,SK,S9A 2R7
855,,Valley Natural Foods,"970 Central Ave, PO Box 94",,GREENWOOD,NS,B0P 1N0
856,,Valley Health,1217351 Alberta Ltd.,9917 - 101st Ave.,PEACE RIVER,AB,T8S 1R9
857,,Old Fashioned Foods,405 Souris Avenue NE,,WEYBURN,SK,S4H 0C9
858,,Health Service Centre,489 Parliament Street,,TORONTO,ON,M5A 3A3
859,,Nutter's #44 - Canmore,900 Railway Avenue,,CANMORE,AB,T1W 1P4
860,,Couffin Bio,355 Sherbrooke ouest,,MONTREAL,QC,H3A 1B5
861,,Health Plus Nut. Centre,"145 Kingston Road, Unit 8",,AJAX,ON,L1S 7S4
862,,Fine Herbs Inc.,"2605 Howard Avenue, #5",,WINDSOR,ON,N8X 3W7
863,,Nutter's #47 - Swift Current,"Unit 1A, Swift Current Plaza",306 Central Ave North,SWIFT CURRENT,SK,S9H 0L4
864,,Sardis Health Foods,#3 - 7355 Vedder Road,,CHILLIWACK,BC,V2R 3V4
865,,Urban Organics Market,130 -1020 Sherwood Drive,,SHERWOOD PARK,AB,T8A 2G4
866,,Old Fashion Foods Ltd.,2425 Quance Street,REGINA,SASKATCHEWAN,,S4V 2X8
867,,The Market on Millstream,125-2401C Millstream  Road,,VICTORIA,BC,V9B 3R5
868,,TAU Brossard,Les Marches d 'Ailments Naturels TAU INC,"6845, Boul. Tachereau",BROSSARD,QC,J4Z 1A7
869,,Natural Life Health Market,#30 - 7700 Bathurst Street,,THORNHILL,ON,L4J 7Y3
870,,Sangster's Health Centre,153 - 395 Loutit Road,East Village Shopping Plaza,FORT MCMURRAY,AB,T9K 0Z4
871,,Nutter's #15 - Prince Albert,365 - 36th Street West,,PRINCE ALBERT,SK,S6V 7L4
872,,Healthy Treasures,220c - 2nd Ave NW,,SLAVE LAKE,AB,T0G 2A1
873,,Pure Integrative Pharmacy #17,117 - 1760 Marine Drive,,WEST VANCOUVER,BC,V7V 1J4
874,,The Vitamin Farm/Supreme Hlth,68 Edmonton City Centre East,,EDMONTON,AB,T5J 2Y7
875,,Homegrown Foods,"19 Granite Drive, #10",,STONY PLAIN,AB,T7Z 1V8
876,,SRH Health Foods,1230 Barton Street East,,HAMILTON,ON,L8H 2V8
877,,Healthy Planet - Markham,2 - 8567 McCowan Road,Heritage Plaza,MARKHAM,ON,L3P 1W9
878,,Nutter's #28 - Jasper,622 Patricia Street,,JASPER,AB,T0E 1E0
879,,Kootenay Co-op,295 Baker St,,NELSON,BC,V1L 4H4
880,,Community Nat Foods - WHS,Warehouse,3905 - 32nd Street NE,CALGARY,AB,T1Y 7C1
881,,Pharmasave #077,1671 East Broadway,,VANCOUVER,BC,V5N 1V9
882,,Nutter's #45 - Camrose,4964 - 50th Street,,CAMROSE,AB,T4V 1R2
883,,Somerset Health & Wellness,#210 - 190 Somerset St W.,,OTTAWA,ON,K2P 0J4
884,,TAU Langelier,7373 Langelier/Local D1,,MONTREAL,QC,H1S 1V7
885,,Donald's Market Store # 2,2279 Commercial Drive,,VANCOUVER,BC,V5N 4B6
886,,La Boite a Grains 2,325 Boul. Greber,,GATINEAU,QC,J8T 8J3
887,,Eudore A melanson & Fils Ltee,4713 Route 134,,COCAGNE,NB,E4R 2Y1
888,,Health Smart Bulk & Nat. Foods,Capri Centre Mall,#15 - 10404 100th Street,WESTLOCK,AB,T7P 2C7
889,,Aliments Naturels Pleine Lune,495 Boul. Du Seminaire Nord,,ST-JEAN RICHELIEU,QC,J3B 5L5
890,,Nutter's #10 - Lloydminster,3106 50th Avenue,,LLOYDMINSTER,AB,T9V 1H4
891,,Inside U Health Center Inc.,3- 478 Dundas Street,,WOODSTOCK,ON,N4S 1C4
892,,Lotus Herbal,7711 Macleod Trail S.,Kingsland Farmers Market,CALGARY,AB,T2H 0M1
893,,Your Nutri Vitality,9936 - 106th Street,Westlock Health Foods,WESTLOCK,AB,T7P 2K2
894,,London Co-op,621 Princess Ave,,LONDON,ON,N5W 3L9
895,,Vibrant Lifestyle,"Natalie Petyashina, RHN",#141 - 171 East Liberty Street,TORONTO,ON,M6K 3P6
896,,Edible Island,477 6th St,,COURTENAY,BC,V9N 2N2
897,,Herbs For Health,487 Mountain Avenue,,NEEPAWA,MB,R0J 1H0
898,,Fiddleheads Health & Nut.  (R),438 Highland Road West,,KITCHENER,ON,N2M 3C7
899,,Sidney Natural Foods (1993)Ltd,2 - 6782 Veyaness Road,,CENTRAL SAANICH,BC,V8M2C2
900,,Healthy Planet - Eglinton,Unit 3B - 8 Lebovic Avenue,Eglinton Town Centre,SCARBOROUGH,ON,M1L 4V9
901,,Nature's Fare - Penticton,104 - 2210 Main Street,,PENTICTON,BC,V2A 5H8
902,,L'eau Vive,248 St-George,,MONT-ST-HILAIRE,QC,J3H 2Y1
903,,The Garden Health Foods,1204 Davie St.,,VANCOUVER,BC,V6E 1N3
904,,The Fresh Carrot,2 - 230 Osborne Street,,WINNIPEG,MB,R3L 1Z5
905,,TAU Laval,"3216, St-Martin Ouest",,LAVAL,QC,H7T 1A1
906,,Nutter's #12 - Estevan,#1295 - 400 King Street,Letise Holdings Ltd.,ESTEVAN,SK,S4A 2B4
907,,Healthoholics,123 - 120 Ottawa St. N,,KITCHENER,ON,N2H 3K5
908,,Nutter's #9 - Wetaskiwin,5216A 50th Avenue,,WETASKIWIN,AB,T9A 0S8
909,,Full Circle Foods,3 Charles Street West,,KITCHENER,ON,N2G 1H1
910,,Health Matters,5 - 9977 178th Street,,EDMONTON,AB,T5T 6J6
911,,Nutter's #32 - Olds,4810 50th Avenue,,OLDS,AB,T4H 1P8
912,,Herbs & Nutrition ,572 Bloor Street West,,TORONTO,ON,M6G 1K1
913,,Equilibria Health Centre,LL1 - 1200 Markham Rd.,,SCARBOROUGH,ON,M1H 3C3
914,,HealthyLife Nutrition,440 Victoria Street,,KAMLOOPS,BC,V2C 2A7
915,,Okotoks Natural Foods,201 - 200 Southridge Drive,,OKOTOKS,AB,T1S 0B2
916,,The Health Shoppe,41A Charles Street West,,TORONTO,ON,M4Y 2R4
917,,Sangster's Health - Peter Pond,"9713 Hardin Street, #1210",Peter Pond Shopping Centre,FORT MACMURRAY,AB,T9H 1L2
918,,Herb & Spice Wellness Shop,380 Bank Street,Sugar Ridge Inc.,OTTAWA,ON,K2P 1Y4
919,,Happy Tides,478 A Village Bay Rd.,,MAYNE ISLAND,BC,V0N2J2
920,,Country Store,963 Central Avenue,Greenwood Shopping Mall,GREENWOOD,NS,B0P 1N0
921,,Healthy Planet - E.Scarborough,3434 Lawrence Ave. E,,SCARBOROUGH,ON,M1H 1A9
922,,Coop La Manne,194 Notre-Dame est,,VICTORIAVILLE,QC,G6P 4A1
923,,Vigour Health and Beauty,253 Newport Drive,,PORT MOODY,BC,V3H5C9
924,,Foodsmiths,106 Wilson St. W.,,PERTH,ON,K7H 2P3
925,,Quantum Vitamins Ltd,Unit 104 - 4359 Main St.,,WHISTLER,BC,V0N 1B4
926,,Organic Grocer,"7380 King George Hwy, #508",,SURREY,BC,V3W 5A5
927,,Willows Natural Foods,729 Shuswap Ave,Box 409,CHASE,BC,V0E 1M0
928,,Aura Whole Foods,199 Westmorland,,FREDRICTON,NB,E3B 3L6
929,,The Big Carrot (R),Multi-Ship Address,Choose the correct Dept,,,,
930,,Sunnyside Naturals,404 Front Street,,KASLO,BC,V0G 1M0
931,,Dawson Creek Health Centre,103 - 833 102nd Avenue,,DAWSON CREEK,BC,V1G 2B4
932,,Stone Store,14 Commercial Street,,GUELPH,ON,N1H 2T7
933,,Fresh Carrot Health Food,24 Centre Street East,,GIMLI,MB,R0C 1B0
934,,Nature's Fare - White Rock,15180 North Bluff Road,,WHITE ROCK,BC,V4B 3E5
935,,Sangster's Health Centre,"277 Broadway, #62",Parkland Mall,YORKTON,SK,S3N 3G7
936,,Horn of Plenty,24 King Street W,,DUNDAS,ON,L9H 1T7
937,,Old Fashion Foods Ltd.,1240 - 2nd Ave. A North,Centre Village Mall,LETHBRIDGE,AB,T1H 0E4
938,,Sante en Vrac Inc.,332 St-Joseph,,LA TUQUE,QC,G9X 1L2
939,,La Boutique Noire,90 Yorkville Ave,,TORONTO,ON,M5R 1B9
940,,Tottenham Health Foods,81 Queen St. South,(PO Box 1169),TOTTENHAM,ON,L0G 1W0
941,,Healthy Planet - Danforth,568 Danforth Avenue,,TORONTO,ON,M4K 1P7
942,,L'amie de la Sante,230 Principale Est,,HAWKESBURY,ON,K6A 1A5
943,,Heartland Health,10910 - 102nd Avenue,,FAIRVIEW,AB,T0H 1L0
944,,Three Nuts in a Hut,5107 50th Avenue,,COLD LAKE,AB,T9M 1P2
945,,Caprice Trading Post,245 City Centre,,KITIMAT,BC,V8C 1T6
946,,It's All Good Bulk & Health Fo,6 - 2417 Golf Course Drive,,BLIND BAY,BC,V0E 1H2
947,,Ambrosia Natural Foods,14 - 16925 Yonge St.,,NEWMARKET,ON,L3Y 5Y1
948,,BioTerre,201 St-Viateur,,MONTREAL,QC,H2T 2L6
949,,Consumers Nutrition Center,1318 - 6551 No 3 Rd,,RICHMOND,BC,V6Y 2B6
950,,ABACO Health Ltd.,"3818 Gordon Drive, #8",,KELOWNA,BC,V1W 3G8
951,,Natural Choice,80 Victoria Street,The Healing House,ALLISTON,ON,L9R 1S6
952,,Corn Crib Natural Foods,337 Mountain Road,,MONCTON,NB,E1C 2M5
953,,Shoppers Drug Mart #2158,110F - 6640 Vedder Road,,CHILLIWACK,BC,V2R 0J2
954,,Coal Harbour Pharmacy  (R),B-622 Bute St,,VANCOUVER,BC,V6V 3M1
955,,Fiddleheads Health & Nut.  (R),450 Columbia Street West,,WATERLOO,ON,N2T 2W1
956,,Old Fashion Foods Ltd. #6,447 Albert Street,,REGINA,SK,S4R 2P1
957,,La Boite a Grains 1,581 Boul. St-Joseph,,GATINEAU,QC,J8Y 4A6
958,,Purearth Organics,12 - 5579 47th St.,,RED DEER,AB,T4N 1S1
959,,Ingredients Health Food & Caf,2031 Store Street,,VICTORIA,BC,V8T 5L9
960,,Rustic Roots,"4061 200th Street, #113",Brookswood Plaza,LANGLEY,BC,V3A 1K8
961,,Higher Ground Health,104 Birch Avenue South,,100 MILE HOUSE,BC,V0K 2E0
962,,The Goji Berry,944 King St. W,,HAMILTON,ON,L8S 1K8
963,,S&H Health Foods,300 King George Road,Brantford Mall,BRANTFORD,ON,N3R 5L8
964,,Prescription Health Studio,540 West Ave.,,KELOWNA,BC,V1Y 4Z4
965,,Good Habits Market,1024 6th Street,BOX 249,ROSTHERN,SK,S0K 3R0
966,,Nature's Nook Health Foods,222 Central Ave North,,SWIFT CURRENT,SK,S9H 0L2
967,,The Wellness Shoppe,1769 Regent Street,,SUDBURY,ON,P3E 3Z7
968,,East End Food Co-op,1034 Commercial Drive,,VANCOUVER,BC,V5L 3W9
969,,Mission Sante,1138 Rue Bernard Ouest,,MONTREAL,QC,H2V 1V3
970,,Spring Of Health,25 Risdon Crt.,,ETOBICOKE,ON,M9C 4E6
971,,Healthy Selections,1509 Bedford Hwy.,,BEDFORD,NS,B4A 1E3
972,,The Peanut Mill,"191 Welland Ave, #4",,ST. CATHARINES,ON,L2R2P2
973,,Body Energy Club - Kits.,2146 West Broadway,,VANCOUVER,BC,V6K 2C8
974,,Healthy Planet - Pickering,"1725 Kingston Road, #14",Brockington Plaza,PICKERING,ON,L1V 4L9
975,,Nutter's #48 - Saskatoon,#4 - 202 Primrose Drive,,SASKATOON,SK,S7K 6Y6
976,,Westside Natural Hlth Clinic,114 Westside Drive,,OAKVILLE,ON,L6K 1P3
977,,Nester's Market & Pharmacy,7019 Nesters Road,,WHISTLER,BC,V0N 1B7
978,,Vita Health - Osborne  ,Vita Health Osborne #11,1 - 166 Osborne Street,WINNIPEG,MB,R3L 1Y8
979,,Maison colonet,925 Blanger,,MONTREAL,QC,H2S 1G9
980,,Nutrition House - Oakville,240 Leighland Avenue,,OAKVILLE,ON,L6H 3H6
981,,Infinity Office & Health,1233 - 5th Avenue,Sarasvati Enterprises,VALEMOUNT,BC,V0E 2Z0
982,,Groupe Johanne Verdon,1278 Jean-Talon est,,MONTREAL,QC,H2R 1W3
983,,Nutter's #5 - Moose Jaw,605 - B Main Street North,,MOOSE JAW,SK,S6H 0W6
984,,Lifetime Organics,#1 - 2119 - 152nd Street,,WHITE ROCK,BC,V4A 4N7
985,,Sequoia Whole Foods,1435 Mountain Rd.,,MONCTON,NB,E1G 1A3
986,,Le Panier Vert Inc.,157 St-Jean-Baptiste #100,,CHATEAUGUAY,QC,J6K 3B1
987,,Total Image Natural Foods,4931 - 50th Avenue,,VERMILION,AB,T9X 1A6
988,,Causeway Natural Health,816 - 6th Avenue,,HUMBOLDT,SK,S0K 2A0
989,,La Ruche,375 Notre-Dame,,REPENTIGNY,QC,J6A 2S8
990,,The Healthy Bug Health,3514 Joseph Howe Drive,Food Store Ltd.,HALIFAX,NS,B3L 4H6
991,,Drumheller Ctr of Nat HIing(R),Box 1808,88 Third Avenue West,DRUMHELLER,AB,T0J 0Y0
992,,Raw Naturals - Benjamin Stone,The Green Owl,161 Main Street,BOBCAYGEON,ON,K0M 1A0
993,,Nutrition House - Humbertown,18 - 270 The Kingsway,,TORONTO,ON,M9A 3T7
994,,Empower Health Clinic,208 - 2555 Commercial Drive,,VANCOUVER,BC,V5N 4C1
995,,Karin's Health Foods,436 Reid Street,,QUESNEL,BC,V2J 2M6
996,,Panier Sante Laprairie,50 boul. Taschereau ouest,Place Citiere,LAPRAIRIE,QC,J5R 4V3
997,,Swan River Valley Natural Path,520 Main Street,,SWAN RIVER,MB,R0L 1Z0
998,,L'Epicerie Fute Inc.,35 rue John-Savage,,BROMONT,QC,J2L 0A5
999,,Ellen's Whole Body Hlth Ltd.,507 Nelson Road,,SASKATOON,SK,S7S 1P4
1000,,Nutter's #40 - Dauphin,3426092 Manitoba Ltd.,"#19 - 3rd Avenue, NE",DAUPHIN,MB,R7N 0Y5
1001,,La Boite a Grains 3,25 Blvd du Plateau,,GATINEAU,QC,J9A 3G1
1002,,Island Natural ,6560 Metral Drive,,NANAIMO,BC,V9T 2L9
1003,,Ever-Well Health Inc.,345 Argyle Street South,,CALEDONIA,ON,N3W 1L8
1004,,Donald's Market Store # 4,120 - 2627 Shaughnessy St.,,PORT COQUITLAM,BC,V3C 3G5
1005,,Sangster's Health Centre,220 - 700 St. Albert Trail,,ST ALBERT,AB,T8N 7A5
1006,,Surrey Natural Foods,13585 King George Hwy,Healthco Ent.,SURREY,BC,V3T 2V1
1007,,Stony Plain Wellness ,#106 - 5013 48th Street,,STONY PLAIN,AB,T7Z 1L8
1008,,Sangster's Health Centre,147C - 1600 90th Ave SW,Glenmore Landing,CALGARY,AB,T2V 5A8
1009,,La Belle Verte,146 boul. Louis-Frechette,,NICOLET,QC,J3T 1C4
1010,,Feel Good #1 ,129 King Street East,,OSHAWA,ON,L1H 1C2
1011,,Vitapath Canada Limited,95 Laird Drive,,EAST YORK,ON,M4G 3V1
1012,,Maplewood Naturopathic Clinic,3540 Maplewood Road,,VICTORIA,BC,V8P 3N3
1013,,Fuel Supplements Vitamins & Nu,440 - 2980 Island Hwy. N.,,NANAIMO,BC,V9T 5V4
1014,,Planet Organic Mkt-Calgary S.,"10233 Elbow Drive SW, #100",,CALGARY,AB,T2W 1E8
1015,,Dad's Organic Market #2,8 - 425 Victoria Avenue East,,REGINA,SK,S4N 0P6
1016,,Glebe Apothecary ,778 Bank Street,,OTTAWA,ON,K1S 3V6
1017,,Hing's Holistic Centre,2863 West 31st Avenue,,VANCOUVER,BC,V6L 2A3
1018,,Nutrition By Nature,300 Eagleson Rd,Hazeldean Mall,KANATA,ON,K2M 1C9
1019,,Bowness Health Foods,6435 Bowness Road,,CALGARY,AB,T3B 0E6
1020,,"Marleen Greenberg, R.Ac.",73 Cougarstone Terrace SW,,CALGARY,AB,T3H 5A1
1021,,Two Farm Kids Natural Foods,565 - 34th Street,,BRANDON,MB,R7B 3P8
1022,,Leamington Wellness Phar.,4 Talbot Street,,LEAMINGTON,ON,N8H 1L2
1023,,Dynamic Health Service,12 - 4736 Lakelse Avenue,,TERRACE,BC,V8G 1R2
1024,,Vita Health Foods,3714 Portage Road,Sobey's Plaza,NIAGARA FALLS,ON,L2J 2K9
1025,,S&H Health Foods,227 Vodden Street East,Centennial Mall/Kennedy Road,BRAMPTON,ON,L6V 1N2
1026,,Kelly's Nutrition Centre,820 Red River Road,,THUNDER BAY,ON,P7B 1K2
1027,,Saltspring Nature Works,116 Lower Ganges Road,,SALT SPRING ISLAND,BC,V8K 2S8
1028,,Victoria's Health,1637 Lonsdale Avenue,,NORTH VANCOUVER,BC,V7M 2J5
1029,,Vitamins First ,2136 - 33 Avenue SW,,CALGARY,AB,T2T 1Z6
1030,,Vitality Health Foods,#100 - 18335 - 105th Avenue,,EDMONTON,AB,T5S 2K9
1031,,Lizann Hirsche Inc,10887 Bye Rd.,,HOUSTON,BC,V0J 1Z2
1032,,Verveine et Cie Inc.,101 Rue Albert,,COWANSVILLE,QC,J2K 2W4
1033,,Sangster's Health Centre,214 1st Avenue South,,SASKATOON,SK,S7K 1K3
1034,,La Rosee Inc.,856 rue de St-Jovite,,MONT TREMBLANT,QC,J8E 3J8
1035,,Nutrition Corner,142 Centennial Square,,THUNDER BAY,ON,P7E 1H3
1036,,Sunflower Health Shop,57 Main St.,,BRIGHTON,ON,K0K 1H0
1037,,La Bulle Verte,240 Boul. Lachapelle (Rte 158),,ST-JEROME,QC,J7Z 7L2
1038,,Country Herbs,3453 Hastings street 2 Mile,,NEW HAZELTON,BC,V0J 2J0
1039,,Health Wise,800 Niagara Street,The Seaway Mall,WELLAND,ON,L3C 5Z4
1040,,Bare Roots Natural Health and,203 - 891 Island HWY W.,,PARKSVILLE,BC,V9P 2E9
1041,,Enchie Organic,2001 Provincial Road,,WINDSOR,ON,N8W 5V7
1042,,Green Tree Health & Wellness,355 Reid Street,,QUESNEL,BC,V2J 2M5
1043,,Mind & Body Acupuncture,1602 - 4390 Grange St.,BUZZER# 4670,BURNABY,BC,V5H 1P6
1044,,Supplements Vitamins Plus,1748 Lonsdale Ave,,NORTH VANCOUVER,BC,V7M 2J7
1045,,Cornucopia,422 Front Street,,KASLO,BC,V0G 1M0
1046,,Nutrition House - Coquitlam,2122 - 2929 Barnet Highway,,COQUITLAM,BC,V3B 5R5
1047,,Stonechurch Pharmacy,3 - 25 Redmond Drive,,HAMILTON,ON,L8W 3K7
1048,,La Brulerie,69 B. St-Joseph,,GATINEAU,QC,J8Y 3W2
1049,,Robinson Foods,218 Connaught Dr.,,JASPER,AB,T0E 1E0
1050,,C & S Mother Nature's Market,647 Main St.,,WOODSTOCK,NB,E7M 2C7
1051,,ProMedMa Clinic,9436 - 51 Ave,,EDMONTON,AB,T6E 5A6
1052,,Sister's Alternative Stuff,6 Sherwood Drive,,WOLFVILLE,NS,B4P 2J9
1053,,Wellspring Trading Inc.,1248 56th Street,Tsawwassen,DELTA,BC,V4L 2A4
1054,,Local Organics,220A Main Street S,PO BOX 368,SEAFORTH,ON,N0K 1W0
1055,,Paris Health Food Store,77 Grand River North,,PARIS,ON,N3L 2M3
1056,,Herbal Approach,6 - 4922 51 Ave,,LEDUC,AB,T9E 6X2
1057,,Integrative Nat. Med Centre,730 - 1285 West Broadway,,VANCOUVER,BC,V6H 3X8
1058,,Cascade Vitamins,5 - 45966 Yale Road West,,CHILLIWACK,BC,V2P 2M3
1059,,Nutrition House - River City,517B - 8600 Franklin Avenue,River City Centre,FORT MCMURRAY,AB,T9H 4G8
1060,,Kelly's Specialty Shop,4706 Marine Avenue C1,,POWELL RIVER,BC,V8A 2L4
1061,,Chemainus Health Food Store,9738 Willow Street,,CHEMAINUS,BC,V0R 1K0
1062,,Vitamin Shop,1212 Broad St,,VICTORIA,BC,V8W 2A5
1063,,Choice Health Services Ltd.,10650 Southin Road,,LADYSMITH,BC,V9G 2A8
1064,,S&H Health Foods,401 Kent Street West,Lindsay Square,LINDSAY,ON,K9V 4Z1
1065,,Maxim. Health & Nutrition,13050 St. Albert Trail,,EDMONTON,AB,T5L 4Y6
1066,,Circle of Health,4 - 6100 Thorold Stone Rd.,,NIAGARA FALLS,ON,L2J 1A3
1067,,Vita Health - Corydon,Vital Health Corydon #12,180 - 2025 Corydon,WINNIPEG,MB,R3P 0N5
1068,,Vitapath Canada Limited,Unit 1 - 18265 Yonge St Unit 1,,EAST GWILLUMBURY,ON,L9N 0A2
1069,,Vitapath Canada Limited,1970 Saint Clair Ave.,,STOCKYARDS,ON,M6N 5B9
1070,,Nature's Source Inc,"5029 Hurontario St., Unit #2",,MISSISSAUGA,ON,L4Z 3X7
1071,,Feel Good #2 ,317 Brock Street South,,WHITBY,ON,L1N 4K3
1072,,O'Naturelle,3-49 4th Ave NE,(Box 1480),ALTONA,MB,R0G 0B0
1073,,Good Health Mart (Milton),"840 Main Street E, Unit 7",,MILTON,ON,L9T 0J4
1074,,Market Organics,126 York Street,,OTTAWA,ON,K1N 5T5
1075,,La Boite Verte Cooperative,4797 rue Laval,,Lac-Mgantic,QC,G6B 1C9
1076,,O'Tournesol,#2 - 163 de College,,PONT-ROUGE,QC,G3H 3B3
1077,,Nutrition House - Erin Mills,"5100 Erin Mills Pkwy, Box 10",Erin Mills Town Centre,MISSISSAUGA,ON,L5M 4Z5
1078,,Nature's Signature,100 Lynn Williams St.,Inside the Metro,TORONTO,ON,M6K 3N6
1079,,Brilliance Health,211 - 3851 Francis Rd,,RICHMOND,BC,V7C 1J6
1080,,Pure Integrative Pharmacy #11,400 - 1055 Dunsmuir Street,,VANCOUVER,BC,V7X 1L4
1081,,Drawing Down The Moon,#162 - 7269 140th Street,,SURREY,BC,V3W 5J6
1082,,Choices - Cambie,3493 Cambie Street,,VANCOUVER,BC,V5Z 2N7
1083,,Resonance Remedies,#200 - 3116 4th Street. N.W,,CALGARY,AB,T2M 3A4
1084,,Old Fashion Foods Ltd.,4123 Rochdale Blvd.,,REGINA,SK,S4X 4P7
1085,,Charlie Brown's,17 - 1533 Estevan Road,,NANAIMO,BC,V9S 3Y3
1086,,Noah's Natural Foods - Woodbrg,9121 Westen Road,,WOODBRIDGE,ON,L4H 0L4
1087,,Health Products Centre,537 3rd Street S.E.,,MEDICINE HAT,AB,T1A 0H2
1088,,Oliver Health Foods,"2045 Mayor Magrath Dr S, #107",,LETHBRIDGE,AB,T1K 2S2
1089,,Better Living Wholistic,Unit 7- 1500 Royal York Rd,,TORONTO,ON,M9P3B6
1090,,Highwood Natural Foods,1630803,101- 416 Centre St. SE,HIGH RIVER,AB,T1V0G5
1091,,The Great Vine ,36 Main Street,,HUNTSVILLE,ON,P1H2C8
1092,,Holistic Nutrition,#108-191 King Street South,,WATERLOO,ON,N2J 1R1
1093,,Vogel Ste-Adele,1082 boul. Ste-Adele,,STE-ADELE,QC,J8B 2N3
1094,,Heartlake IDA,230 Sandalwood Pkwy. E,,BRAMPTON,ON,L6Z 1R3
1095,,Ventin's Vitamin House,2449 Burrard Street,Sylvia Ventin,VANDERHOOF,BC,V0J 3A0
1096,,Nutri-Chem Pharmacy Ltd ,1303 Richmond Road,,OTTAWA,ON,K2B 7Y4
1097,,Morning Sun Health Foods,44A - 2020 Sherwood Drive,Sherwood Park Mall,SHERWOOD PARK,AB,T8A 3H9
1098,,L'Amandine picerie sant,"5255, boul de la Rive-Sud",,LEVIS,QC,G6V 4Z4
1099,,Sante Rue Sherbrooke,5025 Rue Sherbrooke West #102,,MONTREAL,QC,H4A 1S9
1100,,Lawrence Hygiene Services,34 James St.,,SMITHS FALLS,ON,K7A 3R3
1101,,3 Beans Natural Foods,310 Wood Street,,WHITEHORSE,YT,Y1A 2E6
1102,,Sequoia Whole Foods,114 Highfield Street,,MONCTON,NB,E1C 5N7
1103,,Sequoia Natural and Organic,103 - 550 Gauvin Rd.,,DIEPPE,NB,E1A 1M8
1104,,Good Health Naturally,4-760 Hyde Park Road,Oakridge Mall,LONDON,ON,N6H 5W9
1105,,A-1 Nutrition,350 - 1120 Grant Avenue,,WINNIPEG,MB,R3M 2A6
1106,,Natural Rezources,1383 Ellis Street,,KELOWNA,BC,V1Y 1Z9
1107,,Roszell's Furnishings,34 Sydenham Street West,,AYLMER,ON,N5H 1M4
1108,,Harmony Whole Foods Market,A - 163 First Street,,ORANGEVILLE,ON,L9W 3J8
1109,,Dad's Organic Market #3,5C - 275 Broadway St. E,,YORKTON,SK,S3N 4B2
1110,,New Horizon Foods,163 Ormond Street,,BROCKVILLE,ON,K6V 2L2
1111,,Elmtree Healthstore,5002 50 Street,,STETTLER,AB,T0C 2L0
1112,,Natures Health Shoppe,2028 Dufferin Avenue,,WALLACEBURG,ON,N8A 4M4
1113,,S&H Health Foods,6464 Yonge Street - #117,Centerpoint Mall,TORONTO,ON,M2M 3X4
1114,,Body Energy Club,428 Robson Street,Robson Street Location,,VANCOUVER,V6B 0H3
1115,,Manotick Natural Market,1143 Tighe St,Entrance Off Mill Street,MANOTICK,ON,K4M 1A8
1116,,Winterwood Natural Foods,51 Broad Street,,SUSSEX,NB,E4E 2J7
1117,,Town Pantry,6946208 Canada Inc.,"179 Union St., #5",NEW HAMBURG,ON,N3A 1R4
1118,,Nature's Source Inc.,#7-2943 Major MacKenzie Dr.,,MAPLE,ON,L6A 1C6
1119,,Nature's Source Inc.,"2391 Trafalgar Road, Unit 6",,OAKVILLE,ON,L6H 6K7
1120,,Health Street Inc.,840 - 6700 46th St.,,OLDS,AB,T4H 0A2
1121,,Healthy Planet - Scarborough,85 Ellesmere Road,,SCARBOROUGH,ON,M1R 4B7
1122,,Milton Health Foods,224 Main Street East,,MILTON,ON,L9T 1N8
1123,,TAU St-Denis,"4238, rue St-Denis",,MONTREAL,QC,H2J 2K8
1124,,Jericho Pharmacy,"2083 Alma Street, #290",,VANCOUVER,BC,V6R 4N6
1125,,Fraser Heights Pharmacy,"16033 - 108th Avenue, #102",,SURREY,BC,V4N 1P2
1126,,Lacombe Health Hut,#17 - 5230 45th Street,,LACOMBE,AB,T4L 2A1
1127,,Nutrition House - High Street,3122 Mt. Lehman Road,"Bldg. B, Unit 135",ABBOTSFORD,BC,V2T 0C5
1128,,Alder Natural Health,27252 Fraser Highway,,ALDERGROVE,BC,V4W 3P8
1129,,A-1 Nutrition,Fort Richmond Square,"2866 Pembina Hwy., #60",WINNIPEG,MB,R3T 2J1
1130,,Clinique Denyse Lessard Inc.,450 Boul. Vachon,,STE-MARIE BCC,QC,G6E1M1
1131,,Country Sun Natural Foods,1377 Johnston Rd,,WHITE ROCK,BC,V4B 3Z3
1132,,Healthy Life-Styles,930 Talbot Street,,ST. THOMAS,ON,N5P 1E7
1133,,Old City Organics,411B Fitzwilliam St.,,NANAIMO,BC,V9R 3A9
1134,,Jennifer Wright Physiotherapy,Box 948,,BRAGG CREEK,AB,T0L 0K0
1135,,Serenity Healing Now Ltd.,5036 Dalhart Rd. NW,,CALGARY,AB,T3A 1V8
1136,,Alberni Health Market,4744 Johnston Road,,PORT ALBERNI,BC,V9Y 5M3
1137,,Abundance Allergy & GlutenFree,Abundance Allergy & Gluten Free Shop,172 Hunt Street,AJAX,ON,L1S 1P5
1138,,Mission Vitamin Centre,33139 First Avenue,,MISSION,BC,V2V 1G5
1139,,Whole Nutrition & Health,#6 - 405 Circle Drive E.,,SASKATOON,SK,S7K 4B4
1140,,Vita Health - Reenders Sq.(13),#46 - 11 Reenders Drive,Reenders Square,WINNIPEG,MB,R2C 5K5
1141,,Balanced Health Integrative,102 - 88 Lonsdale Ave,,NORTH VANCOUVER,BC,V7M 2E6
1142,,Wellness Solutions,5156 52 Ave,,DRAYTON VALLEY,AB,T7A 1S8
1143,,Sante et Harmonie Inc,5495 Churchill Meadows Blvd,,MISSISSAUGA,ON,L5M 6X4
1144,,Our Wellness,2465 Yonge St,,TORONTO,ON,M4P 2H6
1145,,Planet Organic Market-Edmonton,7917 - 104 Street NW,Strathcona Town Centre,EDMONTON,AB,T6E 4E1
1146,,Olea Health Nat. Clinic,#3 - 587 River Road West,,WASAGA BEACH,ON,L9Z 2P2
1147,,Roots Natural Organic Hlth Fds,22254 Dewdney Trunk Road,,MAPLE RIDGE,BC,V2X 3H9
1148,,Active Body Nutrition,1517 Bellevue Avenue,,WEST VANCOUVER,BC,V7V 1A6
1149,,Homeopathy for Life,1207 Colborne Road,,SARNIA,ON,N7V 3K9
1150,,Dad's Organic Market #1,240A - 1820 8th Street East,,SASKATOON,SK,S7H 0T6
1151,,Kenron Pharmacy,100 - 1620 29th Street NW,,CALGARY,AB,T2N 4L7
1152,,Lean On Me Nutrition,4 - 579 Kerr St.,,OAKVILLE,ON,L6K 3E1
1153,,Parsley Sage & Thyme,4916 Elliot St,,LADNER,BC,V4K 2Y1
1154,,Thurst for Life,6 - 1945 McKerchek Dr.,Lakeview Square Dental,SASKATOON,SK,S7J 4M4
1155,,S & H Health Foods,9350 Yonge St.,Hillcrest Mall,RICHMOND HILL,ON,L4C 5G2
1156,,Glow Health and Vitality,1128 - 10 Avenue SW,,CALGARY,AB,T2R 0B6
1157,,The Currant Organic,216 Main Street,General Store,PARKHILL,ON,N0M 2K0
1158,,Body Energy Club,746 Davie St. @Howe,,VANCOUVER,BC,V6Z 1B6
1159,,Good 'N' Natural,8B - 180 Sandalwood Pkwy E,,BRAMPTON,ON,L6Z 1Y4
1160,,Choices - White Rock,3248 King George Hwy,,SURREY,BC,V4P 1A5
1161,,A Votre Sante,5126 Sherbrooke West,,MONTREAL,QC,H4A 1T1
1162,,Quarter Master Nat Foods Inc,176 Wortley Road,,LONDON,ON,N6C 3P7
1163,,Alive Health Centre,1834 - 6060 Minoru Blvd.,Richmond Centre,RICHMOND,BC,V6Y 1Y1
1164,,Body of Health,"183 Silvercreek Pky N, #119 D",,GUELPH,ON,N1H 3T2
1165,,Happy House Healthy Foods,4329 - 50th Avenue,,ST. PAUL,AB,T0A 3A3
1166,,New West Trading Co.,278 Market Ave,Box 1395,GRAND FORKS,BC,V0H 1H0
1167,,S&H Health Foods,355 Hespeler Road,Cambridge Centre,CAMBRIDGE,ON,N1R 6B3
1168,,Burlington Health Foods,3300 Fairview Street - Unit 6D,,BURLINGTON,ON,L7N 3N7
1169,,Boutique Bio-Terre,27 rue de L'Eglise,,ST-SAUVEUR,QC,J0R 1R0
1170,,Blush Lane Organics - Calgary,#3000 - 10 Aspen Stone Blvd SW,,CALGARY,AB,T3H 0K3
1171,,Blush Lane Organics - Edmonton,8135 102nd Street NW,,EDMONTON,AB,T6E 4A4
1172,,Chandra's Health Care,413 Railway Avenue,,ASHCROFT,BC,V0K 1A0
1173,,Commisso's Fresh Foods,6161 Thorold Stone Road,,NIAGARA FALLS,ON,L2J 1A4
1174,,Donald's Market Store #1,2342 East Hastings St.,,VANCOUVER,BC,V5L 1V5
1175,,Drive Organics,1045 Commercial Street,,VANCOUVER,BC,V5L 3X1
1176,,Evergreen Natural Foods,"Box 15, 1290 Hwy 6",,CRESCENT VALLEY,BC,V0G 1H0
1177,,Feel Good #1,129 King Street East,,OSHAWA,ON,L1H 1C2
1178,,Forest Health and Harmony,5 King Street West,,FOREST,ON,N0N 1J0
1179,,Generation Green at The Fork,Unit 155-1 Forks Market Road,,WINNIPEG,MB,R3C 4L8
1180,,Good Health Mart (Guelph),21 - 328 Speedvale Avenue E,,GUELPH,ON,N1E 1N5
1181,,Good Health Mart (Brampton),"25 Peel Centre Drive, #313",Bramalea City Centre,BRAMALEA,ON,L6T3R5
1182,,Good Health Naturally,301 Oxford Street West,Cherry Hill Mall,LONDON,ON,N6H 1S6
1183,,Gramma Carol's Gourmet,240 Main Street,Bulk & Health,SELKIRK,MB,R1A 1S2
1184,,Grassroots Health Hut,#5 3305 Smith Drive,,ARMSTRONG,BC,V0E 1B1
1185,,Green Life Health Food,435T North Road,,COQUITLAM,BC,V3K 3V9
1186,,Healing Nature's Way,4317 - 51 Street,,VEGREVILLE,AB,T9C 1V1
1187,,Healthward Bound,40 East Street,,GODERICH,ON,N7A 1N3
1188,,Herb & Spice Wellness Shop,375 Bank St,Sugar Ridge Inc.,OTTAWA,ON,K2P 1Y2
1189,,Highland Health Hut,30 Quincy Street,,INVERNESS,NS,B0E 1N0
1190,,DNU - I Healthy,1 - 7000 McLeod Rd,,NIAGARA FALLS,ON,L2G 7K3
1191,,Groupe Sante,9 Ch des Pensees,,SAINTE-ANNE-DES-LACS,QC,J0R 1B0
1192,,Lifeforce Herbal  ,"101 Signal Road, #12",,FORT MCMURRAY,AB,T9H 4N6
1193,,Living Nutrition Inc.,"3301 50th Avenue, Bay 5",,RED DEER,AB,T4N 3Y2
1194,,Lynn's Vitamin Gallery,"180 Central Avenue, #4",,DUNCAN,BC,V9L 4X3
1195,,Maple Ridge Vitamin Centre,"22709 Lougheed Highway, #340",,MAPLE RIDGE,BC,V2X 2V5
1196,,Medical Arts Pharmacy,#30,13th Street East,CORNWALL,ON,K6H 6V9
1197,,Millenium Living,12827 Leslie Street,,RICHMOND HILL,ON,L4E 1A2
1198,,Mom's Nutrition Centre,901F - 22nd Street West,,SASKATOON,SK,S7M 0R9
1199,,Morning Sun Health Foods,111-3625 Shaganappi Trail NW,Market Mall,CALGARY,AB,T3A 0E2
1200,,Natural Food Pantry,2277 Riverside Drive,Billingsbridge Plaza,OTTAWA,ON,K1H 7X6
1201,,Natural Food Pantry,5537 Hazeldean Road,,KANATA,ON,K2L 1V2
1202,,Naturally Healthy,4025 Dorchester Road,,NIAGARA FALLS,ON,L2E 6N1
1203,,Neighbors Vitamin Shop,10205 - 100 Avenue,,MORINVILLE,AB,T8R 1P9
1204,,Nettoyabt ecologiques Lemieux,5985 Taschereau,,BROSSARD,QC,J4Z 1A5
1205,,Nettoyants ecologiques Lemieux,4777 Papineau,,MONTREAL,QC,H2H 1V4
1206,,NEW FOUND/SANGSTERS,1109922 Albert Ltd.,220 - 700 St. Albert Trail,ST ALBERT,AB,T8N 7A5
1207,,Noah's Natural Foods,2395 Yonge Street,,TORONTO,ON,M4P 2E7
1208,,North of 7 Solutions,27 Sylvan Drive,,APSLEY,ON,K0L1A0
1209,,Nutrition Centre - Brampton,93 - 499 Main Street South,c/o Shoppers World,BRAMPTON,ON,L6Y 1N7
1210,,Nutrition House- Robson St.,1194 Robson Street,,VANCOUVER,BC,V6E 1B2
1211,,Nutrition House - Park Royal,Unit #933,2002 Park Royal S,WEST VANCOUVER,BC,V7T 2W4
1212,,Nutrition House - Lougheed,"9855 Austin Ave, Unit 618",,BURNABY,BC,V3J 1N4
1213,,Nutrition House - Tecumseh,7654 Tecumseh Road East,Tecumseh Mall,WINDSOR,ON,N8T 1E9
1214,,Nutrition House - Semiahmoo,1711 152nd Street,Suite 124A,SURREY,BC,CA,V4A 4N3
1215,,Nutrition House - Lansdowne,Unit 46 - 645 Lansdowne St. W.,Lansdowne Place Plaza,PETERBOROUGH,ON,K9J 7Y5
1216,,Nutter's #35 - Salmon Arm,"360 Trans Canada Highway, #441",Centenoka Park Mall,SALMON ARM,BC,V1E 1B7
1217,,Nutter's #24 - Rocky Mtn House,5037A - 50 Street,343967 Alberta Ltd.,ROCKY MOUNTAIN HOUSE,AB,T4T 1A2
1218,,Nutter's #50 - Airdrie,#102 - 400 Main Street NE,,AIRDRIE,AB,T4B 2N1
1219,,Ohlavie Epicerie Sant,"1765, ch de la Rivire-Aux-Cerises",,MAGOG,QC,J1X 3W3
1220,,Organic Earth Market,6487 Quinpool Road,,HALIFAX,NS,B3L 1B2
1221,,Produits Sante LD,1200 Boul A-Desjardins,Galeries Chagnon,LEVIS,QC,G6V 6Y8
1222,,Rainbow Natural Foods,1487 Richmond Road,,OTTAWA,ON,K2B 6R9
1223,,People's Drug Mart,107 4th Street - Box 100,Salmo Drugs Ltd.,SALMO,BC,V0G 1Z0
1224,,Sangster's Health Centre,"A-16, 134 Primrose Drive",The Mall at Lawson Heights,SASKATOON,SK,S7K 5S6
1225,,Sangster's Organic Market,111 - 3815 Caxton Street,Box 2579,WHITE COURT,AB,T7S 1N8
1226,,The Saskatoon Farm,80181 338 Ave East,,DE WINTON,AB,T0L 0X0
1227,,S&H Health Foods,1615 Dundas Street,Whitby Mall,WHITBY,ON,L1N 2L1
1228,,S&H Health Foods,Northland Mall,"1275 Highbury Ave, Unit 10B",LONDON,ON,N5Y 1A8
1229,,S&H Health Foods,419 King Street West,Oshawa Centre,OSHAWA,ON,L1J 2K5
1230,,Sigrid's Natural Foods,506 Days Rd,La Salle Plaza,KINGSTON,ON,K7M 4X2
1231,,1st Choice Health,526714 Alberta Ltd.,80 - 200 St. Albert Road,ST. ALBERT,AB,T8N5H9
1232,,Soaring Heart Wellness,116 Main Street East,,SHELBURNE,ON,L9V 3K5
1233,,Sprout Grocery,136A Wallinger Ave,,KIMBERLEY,BC,V1A 1Y8
1234,,Staples Drugs,321 St. George Street,,MONCTON,NB,E1C 1W8
1235,,Inbody Nutrition,5175 Yonge Street,,NORTH YORK,ON,M2N 5P5
1236,,Supreme Health,250 Wincott Drive,,ETOBICOKE,ON,M9R 2R5
1237,,Victoria's Health,857 Hornby St.,,VANCOUVER,BC,V6Z 1T9
1238,,Vital Health,127 - 10th Ave North,,CRESTON,BC,V0B 1G0
1239,,Vitamin Shop,1212 Broad St,,VICTORIA,BC,V8W 2A5
1240,,Vita-Plus,#107-207 Queen's Quay West,,TORONTO,ON,M5J 1A7
1241,,Active Life Health Clinic,205 - 2786 West 16th Avenue,,VANCOUVER,BC,V6K 4M1
1242,,Alethea Cham,3575 Euclid Ave Apt. 411,,VANCOUVER,BC,V5R 6H5
1243,,Holl Meditronics Inc.,97 Connaught Cres.,,BOLTON,ON,L7E 2S3
1244,,Hooper's Pharmacy,2136 Queen Street East,,TORONTO,ON,M4E 1E3
1245,,Modish Monkeys,62 Highridge Way,,STONY PLAIN,AB,T7Z 1M2
1246,,Healthy 4 Life Centre,103 Rosebury Lane,,WOODBRIDGE,ON,L4L 3Z1
1247,,Nature's Vibe,20 Ainslie St. N,,CAMBRIDGE,ON,N1R 3J4
1248,,Healthworks Nutrition Centre,#164 - 2693 Broadmoor Blvd.,,SHERWOOD PARK,AB,T8H 0G1
1249,,Total Health Pharmacy,170 McEwan Drive East,,BOLTON,ON,L7E 4C8
1250,,Jen Wasmund RTCMP,409 - 2150 West Broadway,,VANCOUVER,BC,V6K 4L9
1251,,Whole Body Health,Lisa Owens ND,1176 Fletcher Way,PORT COQUITLAM,BC,V3C 6B5
1252,,Community Nat Foods-10th Ave,1304 10th Avenue SW,,CALGARY,AB,T3C 0J2
1253,,Community Nat Foods-Chinook,202 - 61st Avenue SW,Chinook Station Market,CALGARY,AB,T2H 0B4